id,team_id,week_id,actual_change,total_score,num_games,wins,losses,ties,power,overall_rank,recent_opponent_1,recent_opponent_2,recent_opponent_3,recent_opponent_4,recent_opponent_5,div_rank,last_rank
1544637,UCLA,"Game Set 168.1, 2025 College Womens Basketball",1.592729080132251,0,0,37,1,0,425.72826957660396,1,49,2,62,23,8,1,0
1544585,Texas,"Game Set 168.1, 2025 College Womens Basketball",0.7834057611590354,0,0,35,4,0,420.7724998388144,2,50,20,40,54,165,2,0
1544481,South Carolina,"Game Set 168.1, 2025 College Womens Basketball",-1.599989701,0,0,36,4,0,418.54758980224483,3,50,25,5,10,52,3,0
1543631,Connecticut,"Game Set 168.1, 2025 College Womens Basketball",-0.781536424,0,0,38,1,0,415.95810287300276,4,49,75,65,72,120,4,0
1543943,LSU,"Game Set 168.1, 2025 College Womens Basketball",0.069799726,0,0,29,6,0,408.8726521,5,62,9,247,49,10,5,0
1544093,Michigan,"Game Set 168.1, 2025 College Womens Basketball",0.17516710202249075,0,0,28,7,0,400.86958323883704,6,2,77,67,381,24,6,0
1543686,Duke,"Game Set 168.1, 2025 College Womens Basketball",0.3687089718819215,0,0,27,9,0,400.8244606957563,7,50,46,3,273,77,7,0
1544249,Oklahoma,"Game Set 168.1, 2025 College Womens Basketball",-0.187272847,0,0,26,8,0,398.39501992873454,8,49,12,271,46,45,8,0
1544676,Vanderbilt,"Game Set 168.1, 2025 College Womens Basketball",-0.040162333,0,0,29,5,0,397.0721548997255,9,75,16,358,47,37,9,0
1543895,Iowa,"Game Set 168.1, 2025 College Womens Basketball",-0.016541869,0,0,27,7,0,395.65777602834646,10,64,146,50,20,16,10,0
1544110,Minnesota,"Game Set 168.1, 2025 College Womens Basketball",0.1831545867641852,0,0,24,9,0,395.0477819656418,11,50,47,391,19,16,11,0
1544003,Louisville,"Game Set 168.1, 2025 College Womens Basketball",0.045523127,0,0,29,8,0,394.3441486297658,12,20,36,394,62,65,12,0
1544246,Ohio St,"Game Set 168.1, 2025 College Womens Basketball",-0.014862158,0,0,27,8,0,393.6338802237811,13,75,334,50,23,13,13,0
1543929,Kentucky,"Game Set 168.1, 2025 College Womens Basketball",0.076175833,0,0,25,11,0,392.96594777154286,14,2,7,175,49,48,14,0
1544566,TCU,"Game Set 168.1, 2025 College Womens Basketball",-0.387732439,0,0,32,6,0,392.03305253993585,15,49,64,59,214,7,15,0
1544228,Notre Dame,"Game Set 168.1, 2025 College Womens Basketball",-0.160047811,0,0,25,11,0,391.81610629393134,16,25,44,19,328,62,16,0
1544207,North Carolina,"Game Set 168.1, 2025 College Womens Basketball",-0.079370166,0,0,28,8,0,391.50422034905336,17,25,15,346,77,1392,17,0
1544729,Washington,"Game Set 168.1, 2025 College Womens Basketball",-0.049053584,0,0,22,11,0,391.49286068526595,18,5,343,50,52,54,18,0
1544064,Maryland,"Game Set 168.1, 2025 College Womens Basketball",-0.018978683,0,0,24,9,0,391.4451865537225,19,65,166,54,20,17,19,0
1544753,West Virginia,"Game Set 168.1, 2025 College Womens Basketball",0.011220651990504798,0,0,28,7,0,390.2948678039735,20,40,224,5,55,53,20,0
1544094,Michigan St,"Game Set 168.1, 2025 College Womens Basketball",-0.038878568,0,0,23,9,0,389.15421512048795,21,10,84,16,19,23,21,0
1544114,Mississippi,"Game Set 168.1, 2025 College Womens Basketball",0.03714515,0,0,24,12,0,388.72194458187664,22,23,100,2,44,41,22,0
1544646,USC,"Game Set 168.1, 2025 College Womens Basketball",-0.092159726,0,0,18,14,0,388.3677304711603,23,49,69,59,50,14,23,0
1544258,Oregon,"Game Set 168.1, 2025 College Womens Basketball",0.037013444,0,0,23,13,0,388.1827450733394,24,2,1392,20,15,11,24,0
1543881,Illinois,"Game Set 168.1, 2025 College Womens Basketball",-0.004018282,0,0,22,12,0,387.9117932413467,25,44,55,24,12,18,25,0
1544169,NC State,"Game Set 168.1, 2025 College Womens Basketball",0.022663734,0,0,21,11,0,387.27479436248933,26,20,37,75,68,70,26,0
1543328,Alabama,"Game Set 168.1, 2025 College Womens Basketball",0.007453719,0,0,24,11,0,386.8593660061048,27,77,135,2,37,42,27,0
1544252,Oklahoma St,"Game Set 168.1, 2025 College Womens Basketball",0.087949916,0,0,24,10,0,385.8927890339985,28,50,186,4,1,6,28,0
1544187,Nebraska,"Game Set 168.1, 2025 College Womens Basketball",0.010412236,0,0,19,13,0,384.8363962595479,29,3,128,13,21,59,29,0
1543790,Georgia,"Game Set 168.1, 2025 College Womens Basketball",-0.008537445,0,0,22,10,0,384.67056385123385,30,64,40,45,2,41,30,0
1544563,Syracuse,"Game Set 168.1, 2025 College Womens Basketball",-0.038884599,0,0,24,9,0,383.8516608120866,31,25,6,77,61,73,31,0
1544582,Tennessee,"Game Set 168.1, 2025 College Womens Basketball",0.002596118,0,0,16,14,0,382.87203353004566,32,67,36,44,46,10,32,0
1543616,Columbia,"Game Set 168.1, 2025 College Womens Basketball",0.000198964,0,0,25,8,0,382.42361128036083,33,103,18,61,344,32,33,0
1543409,Baylor,"Game Set 168.1, 2025 College Womens Basketball",0.038815193,0,0,25,9,0,382.15301879860624,34,62,22,55,5,4,34,0
1543611,Colorado,"Game Set 168.1, 2025 College Womens Basketball",0.004466861,0,0,22,12,0,381.8757756921485,35,16,7,3,1,103,35,0
1544684,Virginia,"Game Set 168.1, 2025 College Womens Basketball",-0.083762911,0,0,22,12,0,381.814034,36,5,24,48,53,69,36,0
1544341,Princeton,"Game Set 168.1, 2025 College Womens Basketball",0.018639172,0,0,26,4,0,381.45150531357507,37,8,191,190,187,191,37,0
1544686,Virginia Tech,"Game Set 168.1, 2025 College Womens Basketball",0.007471401,0,0,23,10,0,380.88276484593496,38,54,65,74,64,74,38,0
1543593,Clemson,"Game Set 168.1, 2025 College Womens Basketball",-0.020639059,0,0,21,12,0,379.8598117545957,39,52,62,64,58,61,39,0
1544591,Texas Tech,"Game Set 168.1, 2025 College Womens Basketball",0.018861932521299224,0,0,26,8,0,379.18456271759754,40,46,30,4,53,1,40,0
1544116,Mississippi St,"Game Set 168.1, 2025 College Womens Basketball",-0.001355071,0,0,18,13,0,379.0924962905762,41,45,46,39,2,45,41,0
1543886,Indiana,"Game Set 168.1, 2025 College Womens Basketball",-0.000554918,0,0,18,14,0,377.9926536301715,42,19,22,14,21,54,42,0
1544682,Villanova,"Game Set 168.1, 2025 College Womens Basketball",0.002398146,0,0,25,8,0,377.20748015984265,43,9,25,31,29,31,43,0
1543396,BYU,"Game Set 168.1, 2025 College Womens Basketball",-0.001294258,0,0,26,12,0,377.1491483703332,44,193,1,58,42,200,44,0
1543896,Iowa St,"Game Set 168.1, 2025 College Womens Basketball",-0.008090437,0,0,22,10,0,376.9836161191411,45,72,53,4,8,5,45,0
1544586,Texas A&M,"Game Set 168.1, 2025 College Womens Basketball",0.000244574,0,0,14,13,0,376.93187033106506,46,259,41,47,43,38,46,0
1543920,Kansas,"Game Set 168.1, 2025 College Womens Basketball",0,0,0,22,14,0,376.21383,47,103,78,117,178,55,47,0
1544547,Stanford,"Game Set 168.1, 2025 College Womens Basketball",-0.002139691,0,0,21,14,0,375.8658792205322,48,103,323,105,63,69,48,0
1544402,S Dakota St,"Game Set 168.1, 2025 College Womens Basketball",-0.012871195,0,0,27,7,0,375.2514970754573,49,59,344,347,350,347,49,0
1543754,Florida,"Game Set 168.1, 2025 College Womens Basketball",-0.005448048,0,0,18,15,0,375.2179270973856,50,10,43,48,47,36,50,0
1543367,Arizona St,"Game Set 168.1, 2025 College Womens Basketball",-0.005484362,0,0,24,11,0,375.16898375979855,51,64,7,6,51,9,51,0
1543905,James Madison,"Game Set 168.1, 2025 College Womens Basketball",0.010517997907093507,0,0,26,9,0,374.4977607697652,52,40,178,181,177,182,52,0
1543517,California,"Game Set 168.1, 2025 College Womens Basketball",0.002934886,0,0,21,15,0,374.25388996156715,53,193,4,102,72,70,53,0
1543738,Fairfield,"Game Set 168.1, 2025 College Womens Basketball",-0.010872299,0,0,28,5,0,373.9297089364582,54,75,323,145,139,139,54,0
1544784,Wisconsin,"Game Set 168.1, 2025 College Womens Basketball",0.002306679,0,0,16,18,0,373.89457526921245,55,193,191,63,60,16,55,0
1544090,Miami FL,"Game Set 168.1, 2025 College Womens Basketball",0.000741654,0,0,18,15,0,373.72489448239764,56,18,181,75,58,74,56,0
1543922,Kansas St,"Game Set 168.1, 2025 College Womens Basketball",0.012142431030313865,0,0,19,18,0,373.32541318625044,57,61,74,5,8,9,57,0
1544369,Rhode Island,"Game Set 168.1, 2025 College Womens Basketball",0.001374902,0,0,28,5,0,372.52144353535755,58,36,125,126,134,133,58,0
1543830,Harvard,"Game Set 168.1, 2025 College Womens Basketball",0.006286209,0,0,20,12,0,372.2486168538547,59,18,241,373,186,193,59,0
1544348,Purdue,"Game Set 168.1, 2025 College Womens Basketball",0.001076455,0,0,13,17,0,371.48425694951015,60,54,17,54,15,24,60,0
1544372,Richmond,"Game Set 168.1, 2025 College Womens Basketball",0.001300869,0,0,26,8,0,371.28099704659246,61,22,125,132,129,135,61,0
1543799,Gonzaga,"Game Set 168.1, 2025 College Womens Basketball",0.0099958,0,0,24,10,0,371.02462409916564,62,47,60,102,106,101,62,0
1543794,Georgia Tech,"Game Set 168.1, 2025 College Womens Basketball",0.003534919,0,0,14,19,0,369.25772029230245,63,4,1392,76,63,77,63,0
1544663,Utah,"Game Set 168.1, 2025 College Womens Basketball",0.00015071,0,0,19,13,0,369.2140753357663,64,241,103,51,55,103,64,0
1543787,George Mason,"Game Set 168.1, 2025 College Womens Basketball",3.701658388620139e-05,0,0,23,10,0,369.03192925925765,65,323,135,128,122,127,65,0
1544313,Penn St,"Game Set 168.1, 2025 College Womens Basketball",-0.002274578,0,0,11,18,0,368.8157559853961,66,13,52,21,17,15,66,0
1544450,San Diego St,"Game Set 168.1, 2025 College Womens Basketball",-0.000126914,0,0,27,6,0,368.5030694057502,67,1,259,207,87,87,67,0
1543381,Auburn,"Game Set 168.1, 2025 College Womens Basketball",0.001076786,0,0,15,17,0,368.48998892735176,68,47,39,38,40,48,68,0
1544618,Troy,"Game Set 168.1, 2025 College Womens Basketball",0.00129558,0,0,25,8,0,367.54566300975034,69,1,175,184,177,184,69,0
1544371,Rice,"Game Set 168.1, 2025 College Womens Basketball",-0.004907341,0,0,29,6,0,367.2803936373673,70,1,116,120,111,120,70,0
1544159,N Dakota St,"Game Set 168.1, 2025 College Womens Basketball",-0.002334028,0,0,29,5,0,367.1565627960115,71,193,232,343,345,351,71,0
1543809,Grand Valley St,"Game Set 168.1, 2025 College Womens Basketball",0,0,0,36,1,0,367.0928909033491,72,429,640,551,615,639,1,0
1544117,Missouri,"Game Set 168.1, 2025 College Womens Basketball",0.000109067,0,0,17,17,0,367.03499870715086,73,103,31,36,10,49,72,0
1543615,Colorado St,"Game Set 168.1, 2025 College Womens Basketball",-0.010651522,0,0,27,8,0,366.4349143,74,12,87,83,149,85,73,0
1544153,Murray St,"Game Set 168.1, 2025 College Womens Basketball",-0.002376993,0,0,31,4,0,366.2347339097751,75,15,171,167,164,170,74,0
1543879,Idaho,"Game Set 168.1, 2025 College Womens Basketball",-0.019295225,0,0,29,6,0,366.1063135098381,76,10,263,268,265,264,75,0
1543641,Creighton,"Game Set 168.1, 2025 College Womens Basketball",0,0,0,16,15,0,365.87259860966276,77,25,26,27,29,33,76,0
1544057,Marquette,"Game Set 168.1, 2025 College Womens Basketball",0,0,0,18,12,0,365.80996893830144,78,28,29,27,30,25,77,0
1543401,Ball St,"Game Set 168.1, 2025 College Womens Basketball",-0.000105762,0,0,26,7,0,365.7275643837735,79,218,225,218,220,219,78,0
1544483,South Florida,"Game Set 168.1, 2025 College Womens Basketball",-0.001360359,0,0,20,12,0,365.63961503011194,80,120,93,95,111,110,79,0
1544259,Oregon St,"Game Set 168.1, 2025 College Womens Basketball",0.001385478,0,0,23,12,0,365.31566206187637,81,18,100,105,106,105,80,0
1544005,Loy Marymount,"Game Set 168.1, 2025 College Womens Basketball",0.000107249,0,0,21,10,0,364.77156398860774,82,58,60,60,104,108,81,0
1543780,Ga Southern,"Game Set 168.1, 2025 College Womens Basketball",0.000637214,0,0,23,8,0,364.18456065900085,83,63,175,173,180,185,82,0
1544702,WI Green Bay,"Game Set 168.1, 2025 College Womens Basketball",0.018786577,0,0,25,9,0,364.14999657047156,84,23,383,387,388,387,83,0
1544059,Marshall,"Game Set 168.1, 2025 College Womens Basketball",0.00383386,0,0,28,9,0,364.0984549167204,85,168,184,376,383,397,84,0
1544002,Louisiana Tech,"Game Set 168.1, 2025 College Womens Basketball",0.002205131,0,0,26,7,0,364.0198695724467,86,117,165,239,278,118,85,0
1544453,Santa Clara,"Game Set 168.1, 2025 College Womens Basketball",0.000872534,0,0,24,10,0,363.6921027395265,87,61,100,104,104,107,86,0
1544091,Miami OH,"Game Set 168.1, 2025 College Womens Basketball",-0.000203261,0,0,28,7,0,363.50901437696535,88,7,218,220,217,220,87,0
1544353,Quinnipiac,"Game Set 168.1, 2025 College Womens Basketball",-0.001538832,0,0,27,7,0,363.42476173135987,89,58,125,328,322,332,88,0
1544074,McNeese St,"Game Set 168.1, 2025 College Womens Basketball",0.000820975,0,0,29,6,0,363.28911272494713,90,78,39,152,159,152,89,0
1543601,Col Charleston,"Game Set 168.1, 2025 College Womens Basketball",0.020618237224614172,0,0,27,6,0,363.2469885199208,91,62,274,282,280,281,90,0
1544515,St John's,"Game Set 168.1, 2025 College Womens Basketball",1.751677630329173e-05,0,0,22,12,0,363.2345858,92,193,31,27,25,31,91,0
1543580,Cincinnati,"Game Set 168.1, 2025 College Womens Basketball",0,0,0,11,20,0,362.8395129729278,93,4,7,5,92,103,92,0
1543656,Davidson,"Game Set 168.1, 2025 College Womens Basketball",3.9660625592358634e-05,0,0,21,12,0,362.7901629,94,135,129,123,124,122,93,0
1544679,Vermont,"Game Set 168.1, 2025 College Womens Basketball",0.003580032,0,0,27,8,0,362.3172213963978,95,77,400,397,401,395,94,0
1544128,Montana St,"Game Set 168.1, 2025 College Womens Basketball",-0.005655605,0,0,27,8,0,361.8600389143297,96,347,106,104,271,264,95,0
1543372,Arkansas,"Game Set 168.1, 2025 College Womens Basketball",6.940609478662761e-05,0,0,12,20,0,361.6804249926959,97,40,41,10,39,2,96,0
1543373,Arkansas St,"Game Set 168.1, 2025 College Womens Basketball",0.001946015,0,0,27,10,0,361.6539451642419,98,173,385,387,361,178,97,0
1544460,Seton Hall,"Game Set 168.1, 2025 College Womens Basketball",0.000376115,0,0,19,13,0,361.4455976984297,99,42,30,32,33,30,98,0
1544644,UNLV,"Game Set 168.1, 2025 College Womens Basketball",-0.000671587,0,0,21,11,0,360.26798001632176,100,84,86,80,86,84,99,0
1544521,St Joseph's PA,"Game Set 168.1, 2025 College Womens Basketball",8.460933459703175e-05,0,0,20,11,0,360.1242530449293,101,126,127,128,125,123,100,0
1544649,UT San Antonio,"Game Set 168.1, 2025 College Womens Basketball",-0.020093395,0,0,18,16,0,360.0323209,102,25,117,96,98,95,101,0
1544221,Northwestern,"Game Set 168.1, 2025 College Womens Basketball",-0.000292001,0,0,8,21,0,359.9962196130372,103,11,15,16,12,14,102,0
1544120,Missouri St,"Game Set 168.1, 2025 College Womens Basketball",0.020517433134566925,0,0,23,13,0,359.86809361068606,104,2,152,116,119,113,103,0
1544069,Massachusetts,"Game Set 168.1, 2025 College Womens Basketball",-4.49E-05,0,0,23,7,0,359.5771446064247,105,218,222,219,228,217,104,0
1543690,E Kentucky,"Game Set 168.1, 2025 College Womens Basketball",0.000840805,0,0,25,9,0,359.4002248022341,106,191,57,251,246,251,105,0
1543700,East Carolina,"Game Set 168.1, 2025 College Womens Basketball",-0.002628177,0,0,22,10,0,359.35154789839294,107,120,99,114,90,117,106,0
1543788,Georgetown,"Game Set 168.1, 2025 College Womens Basketball",0,0,0,14,17,0,359.1607721378892,108,25,33,34,25,33,107,0
1544213,North Texas,"Game Set 168.1, 2025 College Womens Basketball",-0.000374132,0,0,19,14,0,358.11818732558487,109,117,99,110,94,98,108,0
1544395,Rutgers,"Game Set 168.1, 2025 College Womens Basketball",1.8177786729831047e-05,0,0,9,20,0,357.9908373913656,110,22,13,14,16,11,109,0
1543731,F Dickinson,"Game Set 168.1, 2025 College Womens Basketball",-0.002067641,0,0,30,5,0,357.85227722684937,111,24,144,599,141,141,110,0
1544311,Penn,"Game Set 168.1, 2025 College Womens Basketball",0.00038603,0,0,17,10,0,357.7025584491536,112,190,192,191,187,193,111,0
1543414,Belmont,"Game Set 168.1, 2025 College Womens Basketball",0,0,0,20,12,0,357.6759665691027,113,171,169,170,162,164,112,0
1543758,Florida St,"Game Set 168.1, 2025 College Womens Basketball",0.000279607,0,0,10,21,0,357.49517806310325,114,74,70,62,58,61,113,0
1544630,UC Irvine,"Game Set 168.1, 2025 College Womens Basketball",-0.000895008,0,0,26,7,0,357.4161643945629,115,78,210,211,215,206,114,0
1544045,Maine,"Game Set 168.1, 2025 College Womens Basketball",0.000682163,0,0,19,13,0,357.2800726122593,116,394,399,398,399,401,115,0
1544053,Marian IN,"Game Set 168.1, 2025 College Womens Basketball",0,0,0,34,2,0,357.08758053059404,117,969,974,929,1304,1207,1,0
1543903,Jacksonville,"Game Set 168.1, 2025 College Womens Basketball",0.009497398,0,0,24,9,0,357.0731450536249,118,46,251,252,642,250,116,0
1543834,Hawaii,"Game Set 168.1, 2025 College Womens Basketball",-0.005879688,0,0,22,11,0,356.9954808898937,119,214,207,209,212,208,117,0
1543483,Butler,"Game Set 168.1, 2025 College Womens Basketball",0,0,0,12,19,0,356.6759936446344,120,35,31,34,35,28,118,0
1544692,W Illinois,"Game Set 168.1, 2025 College Womens Basketball",-0.01143548,0,0,26,6,0,356.6423514,121,65,363,364,363,371,119,0
1543658,Dayton,"Game Set 168.1, 2025 College Womens Basketball",1.189818767770759e-05,0,0,17,14,0,356.5965428821175,122,125,133,121,134,126,120,0
1543948,La Salle,"Game Set 168.1, 2025 College Womens Basketball",0.000338437,0,0,19,14,0,356.5449997756768,123,376,399,128,123,134,121,0
1544804,Youngstown St,"Game Set 168.1, 2025 College Womens Basketball",0.005354184,0,0,25,10,0,356.48901184091216,124,173,336,391,385,384,122,0
1543365,Arizona,"Game Set 168.1, 2025 College Womens Basketball",-0.00018971,0,0,12,18,0,356.0333369298235,125,53,57,89,3,55,123,0
1543991,Lindenwood,"Game Set 168.1, 2025 College Womens Basketball",-0.001685577,0,0,25,8,0,356.01851741243195,126,346,367,346,370,366,124,0
1543849,Holy Cross,"Game Set 168.1, 2025 College Womens Basketball",0.011178843081026187,0,0,23,10,0,355.99939976153576,127,20,377,376,372,375,125,0
1543510,Cal Baptist,"Game Set 168.1, 2025 College Womens Basketball",0.043422147,0,0,23,11,0,355.87622888109945,128,50,157,155,150,157,126,0
1544633,UC San Diego,"Game Set 168.1, 2025 College Womens Basketball",-0.020392172,0,0,24,9,0,355.87565700983106,129,5,210,211,206,209,127,0
1544195,New Mexico,"Game Set 168.1, 2025 College Womens Basketball",0,0,0,22,10,0,355.68243072824623,130,80,86,81,79,87,128,0
1544418,SF Austin,"Game Set 168.1, 2025 College Womens Basketball",0.005459946,0,0,25,10,0,355.51245680592166,131,165,259,261,256,259,129,0
1544268,PFW,"Game Set 168.1, 2025 College Womens Basketball",0.00355227,0,0,21,14,0,355.42924462238034,132,184,177,391,392,390,130,0
1543377,Army,"Game Set 168.1, 2025 College Womens Basketball",0.001078769,0,0,26,8,0,355.40115048865897,133,173,132,402,381,378,131,0
1544315,Pepperdine,"Game Set 168.1, 2025 College Womens Basketball",0.000563181,0,0,21,13,0,355.3976679010008,134,347,150,211,104,151,132,0
1544343,Providence,"Game Set 168.1, 2025 College Womens Basketball",0.00015071,0,0,15,18,0,355.2088281478544,135,30,34,26,28,25,133,0
1543449,Boise St,"Game Set 168.1, 2025 College Womens Basketball",-0.000343725,0,0,25,9,0,354.9198637591569,136,87,82,85,83,79,134,0
1543778,G Washington,"Game Set 168.1, 2025 College Womens Basketball",0.000393301,0,0,18,18,0,354.8799712508035,137,168,134,367,161,122,135,0
1543860,Howard,"Game Set 168.1, 2025 College Womens Basketball",-0.000360912,0,0,26,8,0,354.80108801863605,138,19,333,341,339,333,136,0
1543468,Brown,"Game Set 168.1, 2025 College Womens Basketball",0.00256472,0,0,16,11,0,354.6573304072164,139,186,188,193,189,186,137,0
1543486,C Michigan,"Game Set 168.1, 2025 College Womens Basketball",-3.17E-05,0,0,18,12,0,354.32519179344877,140,220,225,217,218,131,138,0
1544482,South Dakota,"Game Set 168.1, 2025 College Womens Basketball",-0.001824389,0,0,26,10,0,354.26779651363654,141,168,263,109,267,343,139,0
1543756,Florida Intl,"Game Set 168.1, 2025 College Womens Basketball",0.004614183,0,0,21,12,0,353.79542484967885,142,157,244,165,248,115,140,0
1544253,Old Dominion,"Game Set 168.1, 2025 College Womens Basketball",1.0576166824628969e-05,0,0,18,14,0,353.68149626940897,143,185,180,175,182,183,141,0
1543594,Cleveland St,"Game Set 168.1, 2025 College Womens Basketball",0.00073934,0,0,26,10,0,353.5757567167678,144,184,113,283,383,389,142,0
1544580,Temple,"Game Set 168.1, 2025 College Womens Basketball",-0.000857992,0,0,15,17,0,353.4658694,145,120,93,110,98,112,143,0
1544334,Portland,"Game Set 168.1, 2025 College Womens Basketball",-0.000149058,0,0,20,15,0,353.38106292594904,146,263,261,148,60,56,144,0
1543808,Grand Canyon,"Game Set 168.1, 2025 College Womens Basketball",-0.000356946,0,0,13,19,0,353.3312639201378,147,84,79,88,85,86,145,0
1544719,Wake Forest,"Game Set 168.1, 2025 College Womens Basketball",0.000446843,0,0,14,18,0,353.30121631033086,148,336,61,76,67,73,146,0
1543883,Illinois St,"Game Set 168.1, 2025 College Womens Basketball",0.006885746,0,0,24,14,0,353.29219809716386,149,173,347,133,157,159,147,0
1543841,High Point,"Game Set 168.1, 2025 College Womens Basketball",-0.002454993,0,0,27,6,0,353.22612844257986,150,44,361,355,356,356,148,0
1544639,ULM,"Game Set 168.1, 2025 College Womens Basketball",2.1152333649257938e-05,0,0,17,16,0,353.1722937660717,151,184,176,174,172,174,149,0
1544030,MN Mankato,"Game Set 168.1, 2025 College Womens Basketball",0,0,0,29,3,0,353.0343954910647,152,515,527,526,525,527,2,0
1543983,Liberty,"Game Set 168.1, 2025 College Womens Basketball",0.000103779,0,0,18,13,0,352.91746095054293,153,116,148,278,115,113,150,0
1544451,San Francisco,"Game Set 168.1, 2025 College Womens Basketball",0.000214167,0,0,19,15,0,352.7891609339888,154,263,147,102,109,108,151,0
1543320,Abilene Chr,"Game Set 168.1, 2025 College Womens Basketball",0.011740371,0,0,24,11,0,352.74700486893795,155,168,119,153,158,158,152,0
1544216,Northern Iowa,"Game Set 168.1, 2025 College Womens Basketball",-0.000297455,0,0,18,14,0,352.72575877735835,156,166,161,160,164,169,153,0
1543550,Cent Arkansas,"Game Set 168.1, 2025 College Womens Basketball",0.000601519,0,0,21,11,0,352.35336841884657,157,247,249,245,249,642,154,0
1544008,Loyola-Chicago,"Game Set 168.1, 2025 College Womens Basketball",0.000315963,0,0,16,18,0,352.3069147636869,158,133,243,333,135,130,155,0
1544480,South Alabama,"Game Set 168.1, 2025 College Womens Basketball",0.000782636,0,0,17,19,0,352.29507991203906,159,387,195,175,173,179,156,0
1544636,UCF,"Game Set 168.1, 2025 College Womens Basketball",0,0,0,11,19,0,352.2629857,160,1,89,7,91,4,157,0
1544158,N Colorado,"Game Set 168.1, 2025 College Womens Basketball",-0.000886415,0,0,23,11,0,352.2043087619663,161,347,87,264,266,271,158,0
1544487,Southern Miss,"Game Set 168.1, 2025 College Womens Basketball",0,0,0,15,16,0,351.85691847002823,162,185,185,177,178,172,159,0
1544185,Navy,"Game Set 168.1, 2025 College Womens Basketball",0.000658366,0,0,22,9,0,351.4612995078264,163,191,377,375,380,372,160,0
1544243,Ohio,"Game Set 168.1, 2025 College Womens Basketball",0.000232676,0,0,18,14,0,350.9589700867953,164,397,224,226,224,227,161,0
1544042,MTSU,"Game Set 168.1, 2025 College Womens Basketball",0.000786107,0,0,17,16,0,350.91841017511086,165,385,130,165,165,119,162,0
1544634,UC Santa Barbara,"Game Set 168.1, 2025 College Womens Basketball",-0.001480498,0,0,20,10,0,350.7968251324714,166,208,214,207,208,210,163,0
1544623,Tulsa,"Game Set 168.1, 2025 College Womens Basketball",-0.000399581,0,0,19,12,0,350.7638604449944,167,111,96,120,117,93,164,0
1543880,Idaho St,"Game Set 168.1, 2025 College Womens Basketball",-0.000549961,0,0,19,11,0,350.6941894809979,168,268,268,265,263,266,165,0
1543455,Bradley,"Game Set 168.1, 2025 College Womens Basketball",2.379637535541518e-05,0,0,20,13,0,350.6873595214713,169,133,167,168,171,169,166,0
1544602,Toledo,"Game Set 168.1, 2025 College Womens Basketball",0.000338437,0,0,17,15,0,350.6789906175589,170,224,221,131,221,228,167,0
1544640,UMBC,"Game Set 168.1, 2025 College Womens Basketball",0.000335793,0,0,17,15,0,350.6090983716088,171,173,220,394,402,395,168,0
1543329,Alabama A&M,"Game Set 168.1, 2025 College Womens Basketball",-0.002507213,0,0,22,11,0,350.13306513711484,172,103,197,204,197,194,169,0
1543435,Binghamton,"Game Set 168.1, 2025 College Womens Basketball",5.552487582930209e-05,0,0,20,13,0,349.8601811629808,173,132,430,400,396,400,170,0
1544176,NJIT,"Game Set 168.1, 2025 College Womens Basketball",-0.000247218,0,0,19,13,0,349.82782294743737,174,376,145,397,396,394,171,0
1544446,Sam Houston St,"Game Set 168.1, 2025 College Womens Basketball",5.2880834123144845e-06,0,0,18,13,0,349.6046515806192,175,106,239,154,118,116,172,0
1543868,IL Chicago,"Game Set 168.1, 2025 College Womens Basketball",0,0,0,14,18,0,349.5810962,176,171,163,166,167,161,173,0
1544552,Stetson,"Game Set 168.1, 2025 College Womens Basketball",0.000705298,0,0,20,12,0,349.5533636564879,177,119,251,243,243,247,174,0
1544629,UC Davis,"Game Set 168.1, 2025 College Womens Basketball",-0.003027097,0,0,23,11,0,349.2717153209128,178,109,214,208,207,212,175,0
1543927,Kent,"Game Set 168.1, 2025 College Womens Basketball",8.460933459703175e-05,0,0,15,16,0,349.2306176801819,179,224,228,224,226,131,176,0
1543669,Depaul,"Game Set 168.1, 2025 College Womens Basketball",0,0,0,8,24,0,349.1767750481327,180,29,35,33,27,29,177,0
1543959,Lamar,"Game Set 168.1, 2025 College Womens Basketball",0.000253828,0,0,20,11,0,348.97215402856534,181,106,152,255,260,262,178,0
1543326,Air Force,"Game Set 168.1, 2025 College Womens Basketball",-0.00136697,0,0,16,19,0,348.9605005467725,182,267,84,80,78,88,179,0
1543597,Coastal Car,"Game Set 168.1, 2025 College Womens Basketball",0.000158643,0,0,14,18,0,348.9532003939511,183,177,175,183,176,180,180,0
1543493,CO Mesa,"Game Set 168.1, 2025 College Womens Basketball",0,0,0,37,2,0,348.5321718634427,184,429,515,1461,487,476,3,0
1544486,Southern Indiana,"Game Set 168.1, 2025 College Womens Basketball",-0.000460063,0,0,21,11,0,348.29542270250846,185,133,363,371,393,362,181,0
1544796,Xavier,"Game Set 168.1, 2025 College Womens Basketball",0,0,0,11,19,0,348.27040468156537,186,32,28,26,34,31,182,0
1543567,Charlotte,"Game Set 168.1, 2025 College Womens Basketball",-0.000192354,0,0,14,18,0,348.2579387966795,187,110,112,117,96,110,183,0
1543628,Concordia SP,"Game Set 168.1, 2025 College Womens Basketball",0,0,0,26,7,0,348.1350134,188,515,406,498,518,515,4,0
1543733,FGCU,"Game Set 168.1, 2025 College Womens Basketball",0.000121626,0,0,16,16,0,348.10921867907217,189,134,244,246,244,250,184,0
1543390,Austin Peay,"Game Set 168.1, 2025 College Womens Basketball",0.001464799,0,0,19,14,0,347.86084447215967,190,159,247,244,241,242,185,0
1544652,UTRGV,"Game Set 168.1, 2025 College Womens Basketball",0.000735044,0,0,21,14,0,347.5635887,191,168,251,259,254,260,186,0
1544298,Pacific,"Game Set 168.1, 2025 College Womens Basketball",2.51183962084938e-05,0,0,11,19,0,347.3722259,192,56,108,102,100,104,187,0
1544530,St Mary's CA,"Game Set 168.1, 2025 College Womens Basketball",0.000167897,0,0,15,17,0,347.2956076,193,108,56,100,104,102,188,0
1544162,N Kentucky,"Game Set 168.1, 2025 College Womens Basketball",0.000121626,0,0,15,17,0,347.2599011686079,194,392,388,389,384,383,189,0
1544378,Robert Morris,"Game Set 168.1, 2025 College Womens Basketball",7.403316777240278e-05,0,0,18,12,0,347.24114885053285,195,387,384,389,388,385,190,0
1543858,Houston,"Game Set 168.1, 2025 College Womens Basketball",-1.98E-05,0,0,7,23,0,347.0985238,196,103,92,51,53,5,191,0
1543454,Bowling Green,"Game Set 168.1, 2025 College Womens Basketball",0,0,0,17,14,0,346.98516539557056,197,221,223,226,220,218,192,0
1543474,Bryant,"Game Set 168.1, 2025 College Womens Basketball",6.610104265393106e-07,0,0,18,12,0,346.89226991756897,198,399,402,397,399,394,193,0
1543683,Drexel,"Game Set 168.1, 2025 College Womens Basketball",0.000819653,0,0,21,11,0,346.77054047770736,199,130,274,284,276,274,194,0
1544126,Monmouth NJ,"Game Set 168.1, 2025 College Womens Basketball",0.001126362,0,0,21,12,0,346.65607010104213,200,385,377,282,275,276,195,0
1544733,Washington St,"Game Set 168.1, 2025 College Womens Basketball",4.494870900467312e-05,0,0,9,25,0,346.5453548205583,201,106,107,151,101,151,196,0
1544257,Oral Roberts,"Game Set 168.1, 2025 College Womens Basketball",-5.29E-05,0,0,15,15,0,346.4024585872589,202,345,345,351,350,343,197,0
1544605,Towson,"Game Set 168.1, 2025 College Womens Basketball",0.000239616,0,0,17,14,0,346.2908160921745,203,274,277,283,357,282,198,0
1544183,NYU,"Game Set 168.1, 2025 College Womens Basketball",0,0,0,29,1,0,345.95165621758275,204,933,765,791,1084,1259,1,0
1544204,Norfolk St,"Game Set 168.1, 2025 College Womens Basketball",-0.000378098,0,0,18,15,0,345.9492293752856,205,134,334,336,337,334,199,0
1543501,CS Sacramento,"Game Set 168.1, 2025 College Womens Basketball",-0.002833752,0,0,15,18,0,345.8921876597916,206,271,272,272,263,266,200,0
1543497,CS Fullerton,"Game Set 168.1, 2025 College Womens Basketball",-0.001096534,0,0,18,14,0,345.89030349781734,207,210,216,216,214,210,201,0
1543745,Ferris St,"Game Set 168.1, 2025 College Womens Basketball",0,0,0,26,7,0,345.70940276178493,208,560,633,639,632,638,5,0
1543525,Campbell,"Game Set 168.1, 2025 College Womens Basketball",0.000528808,0,0,20,12,0,345.5611041473419,209,274,282,285,273,276,202,0
1544795,Wyoming,"Game Set 168.1, 2025 College Womens Basketball",-8.46E-05,0,0,10,20,0,345.2651099915058,210,87,149,78,87,84,203,0
1544420,SMU,"Game Set 168.1, 2025 College Womens Basketball",-6.08E-05,0,0,9,21,0,345.1458793930497,211,61,58,75,73,68,204,0
1544543,St Thomas MN,"Game Set 168.1, 2025 College Womens Basketball",-0.000253828,0,0,16,16,0,345.1429599028385,212,344,342,342,350,348,205,0
1543772,Fresno St,"Game Set 168.1, 2025 College Womens Basketball",-0.0002221,0,0,15,18,0,345.1177480238985,213,83,81,82,83,149,206,0
1543679,Dordt,"Game Set 168.1, 2025 College Womens Basketball",0.000380742,0,0,34,3,0,345.0007376692647,214,539,1317,541,944,1009,2,0
1544356,Radford,"Game Set 168.1, 2025 College Womens Basketball",-0.000539385,0,0,23,13,0,344.9650946077883,215,184,362,358,353,359,207,0
1543681,Drake,"Game Set 168.1, 2025 College Womens Basketball",0,0,0,12,20,0,344.8951138272717,216,168,170,167,168,162,208,0
1544622,Tulane,"Game Set 168.1, 2025 College Womens Basketball",-0.000294811,0,0,11,20,0,344.86083931423116,217,95,98,110,94,99,209,0
1544504,St Bonaventure,"Game Set 168.1, 2025 College Womens Basketball",0.000433623,0,0,17,16,0,344.4493320176817,218,113,277,134,124,133,210,0
1543698,ETSU,"Game Set 168.1, 2025 College Womens Basketball",-0.001764898,0,0,18,13,0,344.36737366732774,219,231,230,231,235,234,211,0
1543692,E Michigan,"Game Set 168.1, 2025 College Womens Basketball",-6.61E-06,0,0,13,16,0,344.1903935872268,220,219,220,223,224,222,212,0
1543450,Boston College,"Game Set 168.1, 2025 College Womens Basketball",-0.001234437,0,0,5,26,0,344.1697479836338,221,72,70,97,63,76,213,0
1544448,San Diego,"Game Set 168.1, 2025 College Womens Basketball",8.593135545011037e-05,0,0,11,22,0,344.01840298240927,222,104,101,107,60,105,214,0
1544525,St Louis,"Game Set 168.1, 2025 College Womens Basketball",0,0,0,12,21,0,343.93580414972996,223,132,124,126,127,129,215,0
1543697,E Washington,"Game Set 168.1, 2025 College Womens Basketball",-0.00071984,0,0,15,18,0,343.9319737242113,224,263,267,271,269,267,216,0
1543878,IUPUI,"Game Set 168.1, 2025 College Womens Basketball",0.000211523,0,0,14,17,0,343.84054393695857,225,387,382,386,391,388,217,0
1544557,Stony Brook,"Game Set 168.1, 2025 College Womens Basketball",0.002737905,0,0,18,15,0,343.8173673038099,226,273,283,357,273,284,218,0
1543975,Lehigh,"Game Set 168.1, 2025 College Womens Basketball",0.001626086,0,0,17,15,0,343.66127004539356,227,283,381,373,380,374,219,0
1544491,Southern Univ,"Game Set 168.1, 2025 College Womens Basketball",-0.048861395,0,0,20,14,0,343.6476559269535,228,49,231,203,200,196,220,0
1543734,FL Atlantic,"Game Set 168.1, 2025 College Womens Basketball",-0.000222761,0,0,14,18,0,343.32578669298056,229,111,114,95,93,114,221,0
1544085,Merrimack,"Game Set 168.1, 2025 College Womens Basketball",-0.000655722,0,0,19,13,0,343.2874167065657,230,402,328,330,326,331,222,0
1544421,SUNY Albany,"Game Set 168.1, 2025 College Womens Basketball",0.000174507,0,0,14,16,0,343.2072907584844,231,394,398,400,397,402,223,0
1544666,Utah Valley,"Game Set 168.1, 2025 College Womens Basketball",0.001560749,0,0,16,15,0,343.1927330796777,232,104,155,156,150,157,224,0
1544774,William & Mary,"Game Set 168.1, 2025 College Womens Basketball",0.001560646,0,0,17,14,0,343.0520642822681,233,273,281,285,284,275,225,0
1544205,North Alabama,"Game Set 168.1, 2025 College Womens Basketball",0.0002221,0,0,17,14,0,343.04782377295305,234,252,245,642,252,242,226,0
1544790,Wofford,"Game Set 168.1, 2025 College Womens Basketball",-0.000685633,0,0,16,13,0,343.0302136460891,235,231,229,231,235,234,227,0
1543687,Duquesne,"Game Set 168.1, 2025 College Womens Basketball",0,0,0,12,19,0,342.9662923376584,236,129,121,125,123,121,228,0
1543361,Appalachian St,"Game Set 168.1, 2025 College Womens Basketball",4.759275071083036e-05,0,0,11,19,0,342.5482147484463,237,177,176,181,175,182,229,0
1544628,UAB,"Game Set 168.1, 2025 College Womens Basketball",-7.67E-05,0,0,11,19,0,342.5040033511704,238,114,90,95,94,99,230,0
1544223,Northwestern LA,"Game Set 168.1, 2025 College Womens Basketball",5.949093838853795e-06,0,0,18,14,0,342.40156392548505,239,159,1538,258,253,159,231,0
1543663,Delaware,"Game Set 168.1, 2025 College Womens Basketball",6.775356872027933e-05,0,0,13,19,0,342.3376436840422,240,116,240,239,113,115,232,0
1544201,Nicholls St,"Game Set 168.1, 2025 College Womens Basketball",0.000169219,0,0,15,16,0,342.3336560928722,241,152,260,1538,255,259,233,0
1543715,Elon,"Game Set 168.1, 2025 College Womens Basketball",0.00023532,0,0,16,16,0,342.02458084285934,242,277,285,275,280,282,234,0
1543904,Jacksonville St,"Game Set 168.1, 2025 College Womens Basketball",0.000160626,0,0,16,16,0,341.92076169189676,243,119,118,240,154,118,235,0
1543998,Longwood,"Game Set 168.1, 2025 College Womens Basketball",0,0,0,21,10,0,341.8519521713587,244,361,352,360,359,356,236,0
1543729,Evansville,"Game Set 168.1, 2025 College Womens Basketball",-0.000594909,0,0,10,25,0,341.6843747734086,245,166,168,163,169,162,237,0
1544416,SE Missouri St,"Game Set 168.1, 2025 College Womens Basketball",-0.000674231,0,0,14,18,0,341.67096526535715,246,346,362,393,366,368,238,0
1544078,Memphis,"Game Set 168.1, 2025 College Womens Basketball",-8.73E-05,0,0,10,21,0,341.49418711027346,247,94,112,120,96,95,239,0
1544492,Southern Utah,"Game Set 168.1, 2025 College Womens Basketball",0.002561085,0,0,18,13,0,341.33443244125385,248,109,158,153,147,156,240,0
1543569,Chattanooga,"Game Set 168.1, 2025 College Womens Basketball",-0.003428992,0,0,20,11,0,341.3304142709332,249,344,231,229,234,235,241,0
1544590,Texas St,"Game Set 168.1, 2025 College Womens Basketball",2.379637535541518e-05,0,0,11,19,0,341.3280035144402,250,177,184,185,177,184,242,0
1544751,West Georgia,"Game Set 168.1, 2025 College Womens Basketball",0.000388674,0,0,18,13,0,341.19587737097595,251,247,250,249,245,252,243,0
1544632,UC Riverside,"Game Set 168.1, 2025 College Womens Basketball",-0.000638206,0,0,11,21,0,341.0931267344671,252,211,206,210,216,206,244,0
1544736,Wayne St MI,"Game Set 168.1, 2025 College Womens Basketball",0,0,0,24,9,0,341.0549658,253,633,631,630,1227,635,6,0
1544578,Tarleton St,"Game Set 168.1, 2025 College Womens Basketball",0.00456783,0,0,14,17,0,340.89764079799164,254,153,147,158,153,147,245,0
1544134,Morehead St,"Game Set 168.1, 2025 College Womens Basketball",-0.000169219,0,0,18,15,0,340.8179650122281,255,361,364,393,367,346,246,0
1544226,Northwood MI,"Game Set 168.1, 2025 College Womens Basketball",0,0,0,28,6,0,340.68588184278343,256,633,560,609,609,606,7,0
1544020,MD E Shore,"Game Set 168.1, 2025 College Womens Basketball",0.000846093,0,0,20,15,0,340.5940604966703,257,383,70,333,340,340,247,0
1544193,New Hampshire,"Game Set 168.1, 2025 College Womens Basketball",3.305052132696553e-05,0,0,10,20,0,340.58201520672003,258,400,401,399,400,395,248,0
1544457,Scranton,"Game Set 168.1, 2025 College Womens Basketball",0,0,0,33,1,0,340.5503668926567,259,859,784,826,808,587,2,0
1543369,Ark Little Rock,"Game Set 168.1, 2025 College Womens Basketball",-8.46E-05,0,0,15,16,0,340.2968371924863,260,364,367,362,364,365,249,0
1543888,Indiana PA,"Game Set 168.1, 2025 College Womens Basketball",0,0,0,31,4,0,340.2514641007663,261,633,450,688,654,439,8,0
1543847,Hofstra,"Game Set 168.1, 2025 College Womens Basketball",0.005669486,0,0,11,22,0,340.0504762564554,262,273,277,357,276,279,250,0
1544191,Nevada,"Game Set 168.1, 2025 College Womens Basketball",-1.06E-05,0,0,10,21,0,339.84356669912256,263,86,79,82,85,83,251,0
1544215,Northern Arizona,"Game Set 168.1, 2025 College Womens Basketball",-4.23E-05,0,0,10,22,0,339.84085327120596,264,266,263,264,271,267,252,0
1544647,UT Arlington,"Game Set 168.1, 2025 College Womens Basketball",0.002496843,0,0,12,21,0,339.80972438932986,265,157,150,156,157,155,253,0
1544419,SIUE,"Game Set 168.1, 2025 College Womens Basketball",-0.000168558,0,0,16,16,0,339.61235914543454,266,367,365,370,346,368,254,0
1544584,Tennessee Tech,"Game Set 168.1, 2025 College Womens Basketball",-9.52E-05,0,0,15,14,0,339.5516834506729,267,364,365,363,371,367,255,0
1544029,MN Duluth,"Game Set 168.1, 2025 College Womens Basketball",0,0,0,23,9,0,339.4919957891376,268,450,527,413,518,527,9,0
1544670,VCU,"Game Set 168.1, 2025 College Womens Basketball",0,0,0,8,23,0,339.3457834381712,269,127,122,132,127,126,256,0
1543318,AL Huntsville,"Game Set 168.1, 2025 College Womens Basketball",0,0,0,32,6,0,339.32212667037646,270,633,467,293,286,702,10,0
1544768,Wichita St,"Game Set 168.1, 2025 College Womens Basketball",-7.21E-05,0,0,8,23,0,339.2821879447225,271,90,111,93,112,120,257,0
1543926,Kennesaw,"Game Set 168.1, 2025 College Womens Basketball",4.0982646445437255e-05,0,0,13,17,0,339.23204210590796,272,278,248,118,154,116,258,0
1544006,Loyola MD,"Game Set 168.1, 2025 College Womens Basketball",0.000118982,0,0,12,18,0,339.03640366328204,273,377,373,381,372,376,259,0
1543894,Iona,"Game Set 168.1, 2025 College Womens Basketball",-9.52E-05,0,0,20,12,0,338.8526947071093,274,323,324,332,327,324,260,0
1544237,Oakland,"Game Set 168.1, 2025 College Womens Basketball",2.7762437914651044e-05,0,0,10,21,0,338.49419786981645,275,385,385,382,390,387,261,0
1544209,North Florida,"Game Set 168.1, 2025 College Womens Basketball",0.0002221,0,0,9,21,0,338.2358972674977,276,642,247,243,245,244,262,0
1544080,Mercer,"Game Set 168.1, 2025 College Womens Basketball",-0.000195659,0,0,17,13,0,338.2125052252089,277,229,232,236,229,233,263,0
1543793,Georgia St,"Game Set 168.1, 2025 College Womens Basketball",2.1152333649257938e-05,0,0,10,21,0,338.0394109420156,278,172,172,182,173,176,264,0
1544740,Weber St,"Game Set 168.1, 2025 College Womens Basketball",-0.001468765,0,0,11,22,0,337.98614467543257,279,271,270,270,272,266,265,0
1543777,Furman,"Game Set 168.1, 2025 College Womens Basketball",-0.000325878,0,0,18,13,0,337.8181887138077,280,232,235,233,235,231,266,0
1544404,S Illinois,"Game Set 168.1, 2025 College Womens Basketball",0,0,0,10,20,0,337.4972389465948,281,164,171,163,160,168,267,0
1544699,W Washington,"Game Set 168.1, 2025 College Womens Basketball",0,0,0,25,8,0,337.449589,282,467,502,707,712,707,11,0
1544693,W Michigan,"Game Set 168.1, 2025 College Womens Basketball",-3.17E-05,0,0,9,20,0,337.3257866443033,283,217,218,131,222,223,268,0
1543761,Fordham,"Game Set 168.1, 2025 College Womens Basketball",5.2880834123144845e-06,0,0,10,20,0,337.31769775151906,284,123,130,126,135,127,269,0
1543651,Dakota Wesleyan,"Game Set 168.1, 2025 College Womens Basketball",0,0,0,28,7,0,337.2475841548127,285,539,928,1289,1228,969,3,0
1544592,Texas Woman's,"Game Set 168.1, 2025 College Womens Basketball",0,0,0,31,2,0,337.24381659333505,286,450,451,481,474,481,12,0
1544166,NC A&T,"Game Set 168.1, 2025 College Womens Basketball",0.000854686,0,0,12,18,0,337.1402881114756,287,280,273,275,277,283,270,0
1544447,Samford,"Game Set 168.1, 2025 College Womens Basketball",-0.010313085,0,0,16,19,0,337.0992284479803,288,197,232,236,233,236,271,0
1544651,UTEP,"Game Set 168.1, 2025 College Womens Basketball",5.9821443601807606e-05,0,0,13,17,0,336.6657610869547,289,248,116,148,240,248,272,0
1543889,Indiana St,"Game Set 168.1, 2025 College Womens Basketball",-0.000148727,0,0,10,22,0,336.44480090377397,290,166,162,167,163,166,273,0
1544163,N Michigan,"Game Set 168.1, 2025 College Womens Basketball",0,0,0,25,8,0,336.4028742736869,291,639,633,636,632,1227,13,0
1543994,Lipscomb,"Game Set 168.1, 2025 College Womens Basketball",3.701658388620139e-05,0,0,10,20,0,336.33732605105746,292,251,251,246,249,642,274,0
1543514,Cal St-LA,"Game Set 168.1, 2025 College Womens Basketball",0,0,0,24,7,0,336.33607518028055,293,897,467,468,472,467,14,0
1544147,Mt St Mary's,"Game Set 168.1, 2025 College Womens Basketball",-0.000116338,0,0,15,15,0,336.2992743206511,294,145,325,139,331,326,275,0
1544127,Montana,"Game Set 168.1, 2025 College Womens Basketball",-0.000128897,0,0,9,22,0,336.2525212828681,295,263,269,267,270,268,276,0
1543952,Lafayette,"Game Set 168.1, 2025 College Womens Basketball",6.345700094777381e-05,0,0,11,19,0,336.2203768839041,296,376,372,376,374,381,277,0
1544798,Yale,"Game Set 168.1, 2025 College Womens Basketball",0.001259225,0,0,7,20,0,336.1533237276627,297,186,189,193,188,192,278,0
1543762,Fort Hays St,"Game Set 168.1, 2025 College Womens Basketball",0,0,0,25,6,0,335.9867537490525,298,527,501,411,416,414,15,0
1544657,Union TN,"Game Set 168.1, 2025 College Womens Basketball",0,0,0,25,10,0,335.7415734466078,299,293,296,640,650,648,16,0
1544714,WKU,"Game Set 168.1, 2025 College Womens Basketball",8.229579810414416e-05,0,0,8,21,0,335.6608660711359,300,119,165,239,278,113,279,0
1543668,Denver,"Game Set 168.1, 2025 College Womens Basketball",-2.64E-05,0,0,11,19,0,335.6428789620408,301,347,351,343,350,342,280,0
1543487,C Missouri,"Game Set 168.1, 2025 College Womens Basketball",0,0,0,26,7,0,335.39120359745357,302,515,409,409,407,405,17,0
1543635,Cornell,"Game Set 168.1, 2025 College Womens Basketball",0.000264404,0,0,9,18,0,335.2255345939687,303,192,187,190,191,186,281,0
1543500,CS Poly Pomona,"Game Set 168.1, 2025 College Womens Basketball",0,0,0,29,5,0,335.1777236895323,304,640,711,710,503,471,18,0
1543942,LIU Brooklyn,"Game Set 168.1, 2025 College Womens Basketball",-0.000486504,0,0,21,11,0,335.03621755744723,305,146,430,136,138,146,282,0
1544511,St Francis IN,"Game Set 168.1, 2025 College Womens Basketball",0,0,0,30,5,0,334.94767909950593,306,969,976,310,1254,539,4,0
1544567,TN Martin,"Game Set 168.1, 2025 College Womens Basketball",-4.23E-05,0,0,13,17,0,334.8743200379219,307,371,368,366,393,364,283,0
1544665,Utah Tech,"Game Set 168.1, 2025 College Womens Basketball",0.000350005,0,0,9,20,0,334.8149320079278,308,158,147,150,157,155,284,0
1543526,Campbellsville,"Game Set 168.1, 2025 College Womens Basketball",0,0,0,25,8,0,334.32611956292686,309,539,544,1147,1295,920,5,0
1543667,Denison,"Game Set 168.1, 2025 College Womens Basketball",0,0,0,30,2,0,334.26615014738513,310,933,763,301,583,810,3,0
1544794,Wright St,"Game Set 168.1, 2025 College Womens Basketball",0.000109728,0,0,10,22,0,334.18230791391903,311,383,390,385,382,386,285,0
1544161,N Illinois,"Game Set 168.1, 2025 College Womens Basketball",0,0,0,7,23,0,334.15924885018626,312,225,222,227,228,217,286,0
1544677,Vanguard,"Game Set 168.1, 2025 College Womens Basketball",0,0,0,25,6,0,334.1168232,313,711,471,503,895,896,19,0
1544048,Manhattan,"Game Set 168.1, 2025 College Womens Basketball",-4.76E-05,0,0,11,20,0,334.0618864856576,314,323,329,327,322,145,287,0
1543885,Incarnate Word,"Game Set 168.1, 2025 College Womens Basketball",6.64315478672007e-05,0,0,13,17,0,334.0572882548623,315,256,159,261,152,1538,288,0
1544231,Nova SE,"Game Set 168.1, 2025 College Womens Basketball",0,0,0,28,5,0,334.04761784584775,316,640,690,296,287,291,20,0
1544326,Pittsburgh,"Game Set 168.1, 2025 College Womens Basketball",0.000716535,0,0,8,23,0,333.7984134800741,317,67,63,65,74,97,289,0
1544706,WI Oshkosh,"Game Set 168.1, 2025 College Womens Basketball",0,0,0,28,4,0,333.69030223361966,318,859,787,781,955,1216,4,0
1543706,Eckerd,"Game Set 168.1, 2025 College Womens Basketball",0,0,0,25,7,0,333.5649763740548,319,640,645,287,296,288,21,0
1543736,FL Southern,"Game Set 168.1, 2025 College Womens Basketball",0,0,0,23,8,0,333.4854374261722,320,645,286,293,292,286,22,0
1544728,Washburn,"Game Set 168.1, 2025 College Womens Basketball",0,0,0,24,8,0,333.2046425141109,321,413,413,411,414,407,23,0
1543782,Gannon,"Game Set 168.1, 2025 College Womens Basketball",0,0,0,29,5,0,333.1954827905292,322,654,442,429,439,446,24,0
1543489,C Washington,"Game Set 168.1, 2025 College Womens Basketball",0,0,0,25,7,0,333.16751618498535,323,467,897,707,707,709,25,0
1544435,SW Minnesota,"Game Set 168.1, 2025 College Womens Basketball",0,0,0,17,12,0,333.0607820225555,324,526,528,517,521,527,26,0
1544642,UNC Greensboro,"Game Set 168.1, 2025 College Womens Basketball",-0.00024193,0,0,14,16,0,332.9927732265117,325,236,234,232,236,229,290,0
1544507,St Cloud,"Game Set 168.1, 2025 College Womens Basketball",0,0,0,14,15,0,332.9535897867597,326,518,516,523,527,521,27,0
1543330,Alabama St,"Game Set 168.1, 2025 College Womens Basketball",-0.005459616,0,0,17,15,0,332.9327448586847,327,197,202,194,194,197,291,0
1544698,W Texas A&M,"Game Set 168.1, 2025 College Womens Basketball",0,0,0,28,5,0,332.8783354413037,328,487,1461,487,482,486,28,0
1544469,Siena,"Game Set 168.1, 2025 College Womens Basketball",0,0,0,13,17,0,332.86560331457065,329,322,329,325,328,322,292,0
1543977,Lenoir-Rhyne,"Game Set 168.1, 2025 College Womens Basketball",0,0,0,26,6,0,332.83628334226466,330,551,555,572,556,551,29,0
1543451,Boston Univ,"Game Set 168.1, 2025 College Womens Basketball",0.000227388,0,0,11,20,0,332.69955589879385,331,373,374,381,374,377,293,0
1543499,CS Northridge,"Game Set 168.1, 2025 College Womens Basketball",-0.000300099,0,0,10,20,0,332.65194580644487,332,209,209,213,208,207,294,0
1543807,Grambling,"Game Set 168.1, 2025 College Womens Basketball",-0.001111035,0,0,13,19,0,332.61209594240967,333,203,203,200,204,201,295,0
1544705,WI Milwaukee,"Game Set 168.1, 2025 College Womens Basketball",0.000187727,0,0,8,24,0,332.39101201561454,334,388,392,387,391,384,296,0
1544783,Winthrop,"Game Set 168.1, 2025 College Womens Basketball",-0.000296133,0,0,15,17,0,332.3756876832606,335,358,354,359,352,360,297,0
1544056,Marist,"Game Set 168.1, 2025 College Womens Basketball",0,0,0,11,20,0,332.3174011984129,336,332,324,327,332,325,298,0
1543702,East Texas A&M,"Game Set 168.1, 2025 College Womens Basketball",2.1152333649257938e-05,0,0,13,17,0,332.07529962645935,337,254,256,159,253,260,299,0
1543826,Harding,"Game Set 168.1, 2025 College Womens Basketball",0,0,0,24,7,0,332.0290412932872,338,406,491,490,494,500,30,0
1544066,Maryville MO,"Game Set 168.1, 2025 College Womens Basketball",0,0,0,25,7,0,331.8909522857035,339,633,560,571,568,562,31,0
1543670,Detroit,"Game Set 168.1, 2025 College Womens Basketball",0.001294919,0,0,7,24,0,331.88350385973405,340,391,386,382,383,392,300,0
1543989,Lincoln Mem,"Game Set 168.1, 2025 College Womens Basketball",0,0,0,26,5,0,331.3509254412048,341,551,625,555,547,548,32,0
1543650,Dakota St,"Game Set 168.1, 2025 College Womens Basketball",0,0,0,30,6,0,331.3280450083315,342,969,920,537,1049,950,6,0
1544196,New Mexico St,"Game Set 168.1, 2025 College Womens Basketball",8.593135545011037e-06,0,0,9,21,0,331.2681911190549,343,148,116,248,240,118,301,0
1544577,Tampa,"Game Set 168.1, 2025 College Womens Basketball",0,0,0,19,11,0,331.1451409355499,344,296,291,295,296,294,33,0
1544062,Mary ND,"Game Set 168.1, 2025 College Womens Basketball",0,0,0,23,10,0,331.04520150323185,345,518,522,967,513,528,34,0
1544132,Moorhead St,"Game Set 168.1, 2025 College Womens Basketball",0,0,0,14,14,0,330.9846410787571,346,527,513,515,520,524,35,0
1544707,WI Parkside,"Game Set 168.1, 2025 College Womens Basketball",0,0,0,14,15,0,330.7891991084312,347,630,631,636,639,637,36,0
1543327,Akron,"Game Set 168.1, 2025 College Womens Basketball",0,0,0,7,24,0,330.7550688303688,348,227,131,224,221,217,302,0
1543770,Freed-Hardeman,"Game Set 168.1, 2025 College Womens Basketball",0,0,0,29,4,0,330.66865228221786,349,920,540,992,928,926,7,0
1543477,Bucknell,"Game Set 168.1, 2025 College Womens Basketball",8.460933459703175e-05,0,0,11,19,0,330.6683144578632,350,372,376,377,381,374,303,0
1544526,St Martin's,"Game Set 168.1, 2025 College Womens Basketball",0,0,0,18,11,0,330.6657961158841,351,707,713,714,711,709,37,0
1543600,Coker,"Game Set 168.1, 2025 College Womens Basketball",0,0,0,26,7,0,330.5839782149792,352,553,622,551,546,550,38,0
1543654,Dartmouth,"Game Set 168.1, 2025 College Womens Basketball",0.000243252,0,0,10,17,0,330.57653752356555,353,189,188,186,193,187,304,0
1544438,Sacred Heart,"Game Set 168.1, 2025 College Womens Basketball",-0.000491792,0,0,13,18,0,330.5016228616758,354,328,327,328,330,323,305,0
1544182,NW Oklahoma St,"Game Set 168.1, 2025 College Womens Basketball",0,0,0,22,10,0,330.4829979950968,355,527,491,496,493,490,39,0
1543374,Arkansas Tech,"Game Set 168.1, 2025 College Womens Basketball",0,0,0,19,9,0,330.4739600963775,356,498,499,492,494,493,40,0
1544664,Utah St,"Game Set 168.1, 2025 College Womens Basketball",-8.46E-05,0,0,6,24,0,330.3582988575181,357,149,81,80,82,149,306,0
1544761,Westmont,"Game Set 168.1, 2025 College Womens Basketball",0,0,0,21,10,0,330.32166961092406,358,897,508,502,503,508,41,0
1544417,SE Oklahoma,"Game Set 168.1, 2025 College Womens Basketball",0,0,0,18,13,0,330.0000637581486,359,498,501,494,497,490,42,0
1543783,Gardner Webb,"Game Set 168.1, 2025 College Womens Basketball",0,0,0,12,19,0,329.8341007273412,360,355,361,356,358,353,307,0
1544046,Malone,"Game Set 168.1, 2025 College Womens Basketball",0,0,0,25,7,0,329.75723893366353,361,615,615,610,729,606,43,0
1543633,Coppin St,"Game Set 168.1, 2025 College Womens Basketball",-0.000211523,0,0,10,23,0,329.51248091586945,362,334,335,337,333,334,308,0
1544641,UNC Asheville,"Game Set 168.1, 2025 College Womens Basketball",0,0,0,12,18,0,329.48034085803863,363,353,355,360,358,356,309,0
1544000,Louisiana,"Game Set 168.1, 2025 College Womens Basketball",0,0,0,5,26,0,329.47696377643365,364,185,183,183,184,174,310,0
1544034,MO St Louis,"Game Set 168.1, 2025 College Womens Basketball",0,0,0,25,6,0,329.4385814,365,615,630,567,570,519,44,0
1544697,W Salem St,"Game Set 168.1, 2025 College Womens Basketball",0,0,0,28,4,0,329.3855769126244,366,429,443,423,656,655,45,0
1543540,Carson-Newman,"Game Set 168.1, 2025 College Womens Basketball",0,0,0,24,11,0,329.28211538966735,367,633,553,546,576,555,46,0
1544214,Northeastern,"Game Set 168.1, 2025 College Womens Basketball",0.000105762,0,0,7,22,0,329.23031927932965,368,275,274,285,277,284,311,0
1544083,Mercyhurst,"Game Set 168.1, 2025 College Womens Basketball",0,0,0,15,17,0,329.0453437672763,369,399,144,140,599,140,312,0
1543432,Bethel TN,"Game Set 168.1, 2025 College Womens Basketball",0,0,0,26,6,0,328.97903027646976,370,974,538,921,920,927,8,0
1544217,Northern St SD,"Game Set 168.1, 2025 College Womens Basketball",0,0,0,16,13,0,328.9311792892125,371,514,524,526,515,520,47,0
1544335,Portland St,"Game Set 168.1, 2025 College Womens Basketball",-0.000257794,0,0,6,25,0,328.86671682032204,372,265,265,266,263,264,313,0
1543862,Humboldt St,"Game Set 168.1, 2025 College Womens Basketball",0,0,0,20,9,0,328.76864466208684,373,471,463,472,467,462,48,0
1543821,Hampton,"Game Set 168.1, 2025 College Womens Basketball",0.000200947,0,0,10,21,0,328.7076231278313,374,284,280,357,279,282,314,0
1543336,Alcorn St,"Game Set 168.1, 2025 College Womens Basketball",-0.00010539,0,0,17,14,0,328.6788104693087,375,177,202,202,205,199,315,0
1544118,Missouri KC,"Game Set 168.1, 2025 College Womens Basketball",-0.000423047,0,0,7,23,0,328.37594793419845,376,343,345,342,349,343,316,0
1543666,Delta St,"Game Set 168.1, 2025 College Womens Basketball",0,0,0,19,11,0,328.08738423931294,377,645,644,647,616,643,49,0
1543480,Buffalo,"Game Set 168.1, 2025 College Womens Basketball",0,0,0,3,27,0,328.04032271598726,378,131,223,218,228,227,317,0
1544039,MT St-Billings,"Game Set 168.1, 2025 College Womens Basketball",0,0,0,20,15,0,327.9439356927467,379,711,710,711,706,710,50,0
1543350,American Univ,"Game Set 168.1, 2025 College Womens Basketball",9.518550142166072e-05,0,0,7,23,0,327.8785732733233,380,375,377,375,378,379,318,0
1543832,Hastings,"Game Set 168.1, 2025 College Womens Basketball",0,0,0,25,9,0,327.72474760505446,381,541,1532,1058,974,971,9,0
1543859,Houston Chr,"Game Set 168.1, 2025 College Womens Basketball",1.0576166824628969e-05,0,0,8,21,0,327.5815091589544,382,253,152,261,254,1538,319,0
1544033,MO Southern,"Game Set 168.1, 2025 College Womens Basketball",0,0,0,20,10,0,327.45042396347475,383,413,403,409,413,416,51,0
1544035,MO Western,"Game Set 168.1, 2025 College Womens Basketball",0,0,0,15,16,0,327.37732294234985,384,409,406,416,415,405,52,0
1543992,Lindsey Wilson,"Game Set 168.1, 2025 College Womens Basketball",0,0,0,23,9,0,327.3141220892977,385,1184,1308,926,926,920,10,0
1544475,Sioux Falls,"Game Set 168.1, 2025 College Womens Basketball",0,0,0,13,17,0,327.23376382251837,386,525,521,517,523,527,53,0
1544583,Tennessee St,"Game Set 168.1, 2025 College Womens Basketball",-2.64E-05,0,0,5,24,0,327.17946380302067,387,365,364,371,363,362,320,0
1543394,Azusa Pacific,"Game Set 168.1, 2025 College Womens Basketball",0,0,0,23,10,0,327.1787490847001,388,467,897,502,512,505,54,0
1544782,Winona St,"Game Set 168.1, 2025 College Womens Basketball",0,0,0,17,13,0,327.1668077574937,389,515,524,525,518,516,55,0
1544181,NW Nazarene,"Game Set 168.1, 2025 College Womens Basketball",0,0,0,18,9,0,326.8991935601329,390,712,711,712,706,707,56,0
1543902,Jackson St,"Game Set 168.1, 2025 College Womens Basketball",-0.001225038,0,0,12,19,0,326.89872069322706,391,197,205,202,198,199,321,0
1544502,St Augustine's,"Game Set 168.1, 2025 College Womens Basketball",0,0,0,0,0,0,326.7661470271771,-1,660,660,660,660,660,-1,0
1544413,SC Upstate,"Game Set 168.1, 2025 College Womens Basketball",-0.0002221,0,0,12,20,0,326.68812324602914,392,358,360,358,354,353,322,0
1543627,Concordia NE,"Game Set 168.1, 2025 College Womens Basketball",0,0,0,22,8,0,326.67810821318193,393,1049,969,973,976,972,11,0
1544452,San Jose St,"Game Set 168.1, 2025 College Womens Basketball",-0.000189049,0,0,4,28,0,326.6751487744663,394,80,84,149,81,80,323,0
1543608,Colgate,"Game Set 168.1, 2025 College Womens Basketball",0.000371488,0,0,7,24,0,326.6534429935739,395,381,379,378,373,380,324,0
1543620,Columbus St,"Game Set 168.1, 2025 College Womens Basketball",0,0,0,25,5,0,326.58168549697723,396,551,572,575,579,1107,57,0
1543603,Col Springs,"Game Set 168.1, 2025 College Womens Basketball",0,0,0,22,11,0,326.56093030360586,397,1461,459,450,459,448,58,0
1543684,Drury,"Game Set 168.1, 2025 College Womens Basketball",0,0,0,21,8,0,326.43501880219435,398,567,566,569,560,562,59,0
1543701,East Central OK,"Game Set 168.1, 2025 College Womens Basketball",0,0,0,15,12,0,326.3936593795211,399,498,495,497,496,501,60,0
1543513,Cal Poly,"Game Set 168.1, 2025 College Womens Basketball",-6.61E-05,0,0,4,26,0,326.3779448734505,400,213,207,214,212,210,325,0
1544095,Michigan Tech,"Game Set 168.1, 2025 College Womens Basketball",0,0,0,16,13,0,326.3707465733723,401,631,1227,632,630,631,61,0
1544330,Point Loma,"Game Set 168.1, 2025 College Womens Basketball",0,0,0,21,9,0,326.30951988645086,402,710,503,895,510,512,62,0
1543855,Hope,"Game Set 168.1, 2025 College Womens Basketball",0,0,0,26,4,0,326.0646269948951,403,787,738,1112,810,813,5,0
1543755,Florida A&M,"Game Set 168.1, 2025 College Womens Basketball",-0.000409992,0,0,9,22,0,325.90360984978173,404,200,201,201,194,197,326,0
1543717,Embry-Riddle FL,"Game Set 168.1, 2025 College Womens Basketball",0,0,0,22,7,0,325.8828478791468,405,293,286,294,295,291,63,0
1543371,Ark Pine Bluff,"Game Set 168.1, 2025 College Womens Basketball",-0.001751884,0,0,15,16,0,325.8700174232071,406,203,195,205,195,196,327,0
1544461,Seton Hill,"Game Set 168.1, 2025 College Womens Basketball",0,0,0,22,9,0,325.73705903420927,407,429,656,443,441,445,64,0
1544325,Pittsburg St,"Game Set 168.1, 2025 College Womens Basketball",0,0,0,18,11,0,325.6715721670591,408,409,413,409,406,416,65,0
1544603,Toronto Met,"Game Set 168.1, 2025 College Womens Basketball",0,0,0,0,0,0,325.5787430360505,-1,25,25,25,25,25,-1,0
1543973,Lee TN,"Game Set 168.1, 2025 College Womens Basketball",0,0,0,19,10,0,325.27906014002133,409,616,645,651,647,650,66,0
1543494,CS Bakersfield,"Game Set 168.1, 2025 College Womens Basketball",-4.23E-05,0,0,7,23,0,325.2729846651137,410,215,216,212,214,209,328,0
1543789,Georgetown KY,"Game Set 168.1, 2025 College Womens Basketball",0,0,0,22,10,0,325.2112725077549,411,1317,921,1100,543,928,12,0
1544496,Spring Arbor,"Game Set 168.1, 2025 College Womens Basketball",0,0,0,22,8,0,325.2041556927132,412,929,924,900,540,541,13,0
1543838,Henderson St,"Game Set 168.1, 2025 College Womens Basketball",0,0,0,17,10,0,324.9798980344114,413,491,501,496,490,495,67,0
1543439,Black Hills St,"Game Set 168.1, 2025 College Womens Basketball",0,0,0,18,11,0,324.96055669325915,414,450,460,450,452,455,68,0
1543851,Holy Family,"Game Set 168.1, 2025 College Womens Basketball",0,0,0,30,5,0,324.9422840667356,415,429,666,598,600,689,69,0
1543618,Columbia MO,"Game Set 168.1, 2025 College Womens Basketball",0,0,0,31,3,0,324.78914149937594,416,539,1008,1308,1529,1478,14,0
1544096,Mid Am Nazarene,"Game Set 168.1, 2025 College Womens Basketball",0,0,0,28,4,0,324.77698756389765,417,969,1224,1056,947,951,15,0
1544607,Trevecca Naz,"Game Set 168.1, 2025 College Womens Basketball",0,0,0,20,11,0,324.7488350847388,418,640,643,651,645,650,70,0
1543379,Ashland,"Game Set 168.1, 2025 College Womens Basketball",0,0,0,14,13,0,324.69417796809705,419,615,610,606,609,605,71,0
1544598,Thomas More,"Game Set 168.1, 2025 College Womens Basketball",0,0,0,22,7,0,324.6209200109656,420,610,729,1460,613,611,72,0
1543689,E Illinois,"Game Set 168.1, 2025 College Womens Basketball",-0.000126914,0,0,4,27,0,324.4128551377812,421,371,363,367,362,393,329,0
1544167,NC Central,"Game Set 168.1, 2025 College Womens Basketball",6.345700094777381e-05,0,0,9,20,0,324.4081471036285,422,341,339,340,336,334,330,0
1544374,Rio Grande,"Game Set 168.1, 2025 College Womens Basketball",0,0,0,31,2,0,324.25790660594754,423,537,904,1254,1248,1556,16,0
1544350,Queens NC,"Game Set 168.1, 2025 College Womens Basketball",0.000101796,0,0,10,20,0,324.2014637,424,249,252,642,250,247,331,0
1544539,St Peter's,"Game Set 168.1, 2025 College Womens Basketball",-0.000126914,0,0,7,23,0,324.1563312,425,139,332,329,322,328,332,0
1544019,MA Lowell,"Game Set 168.1, 2025 College Womens Basketball",8.7253376303189e-05,0,0,8,21,0,324.14345363896894,426,397,394,399,398,396,333,0
1543565,Charleston So,"Game Set 168.1, 2025 College Womens Basketball",0,0,0,8,22,0,324.0321485895436,427,361,355,353,361,358,334,0
1544171,NE Kearney,"Game Set 168.1, 2025 College Womens Basketball",0,0,0,15,16,0,324.03131978820863,428,411,406,407,414,405,73,0
1543997,Long Beach St,"Game Set 168.1, 2025 College Womens Basketball",-0.000221438,0,0,5,25,0,324.01851044543895,429,210,211,213,215,216,335,0
1544650,UT Tyler,"Game Set 168.1, 2025 College Womens Basketball",0,0,0,22,11,0,323.9769663829455,430,450,474,474,475,480,74,0
1543694,E New Mexico,"Game Set 168.1, 2025 College Womens Basketball",0,0,0,20,12,0,323.7446428498306,431,1461,1461,476,475,486,75,0
1544180,NW Missouri,"Game Set 168.1, 2025 College Womens Basketball",0,0,0,18,12,0,323.67836134708415,432,407,405,415,485,412,76,0
1544643,UNC Wilmington,"Game Set 168.1, 2025 College Womens Basketball",0.000164592,0,0,7,24,0,323.62743523994857,433,283,279,284,281,280,336,0
1544009,Lubbock Chr,"Game Set 168.1, 2025 College Womens Basketball",0,0,0,23,8,0,323.56563743487817,434,450,481,794,483,486,77,0
1544436,SW Oklahoma,"Game Set 168.1, 2025 College Womens Basketball",0,0,0,12,15,0,323.53093393452866,435,491,493,492,500,495,78,0
1544401,S Connecticut,"Game Set 168.1, 2025 College Womens Basketball",0,0,0,25,6,0,323.4105409955907,436,688,602,592,595,601,79,0
1544415,SE Louisiana,"Game Set 168.1, 2025 College Womens Basketball",5.2880834123144845e-05,0,0,5,24,0,323.3264254587278,437,261,256,258,159,253,337,0
1544565,TAM C. Christi,"Game Set 168.1, 2025 College Womens Basketball",0,0,0,6,23,0,323.22164629297646,438,262,254,1538,259,255,338,0
1543676,Dominican CA,"Game Set 168.1, 2025 College Womens Basketball",0,0,0,22,8,0,322.9474944660521,439,895,509,507,895,505,80,0
1544718,Wagner,"Game Set 168.1, 2025 College Womens Basketball",0,0,0,13,17,0,322.8895657735541,440,599,144,136,594,141,339,0
1544608,Trine,"Game Set 168.1, 2025 College Womens Basketball",0,0,0,23,6,0,322.6727857881046,441,859,308,811,809,811,6,0
1544458,Seattle,"Game Set 168.1, 2025 College Womens Basketball",0,0,0,5,25,0,322.6326237172033,442,56,109,56,106,105,340,0
1544373,Rider,"Game Set 168.1, 2025 College Womens Basketball",0,0,0,7,22,0,322.53919376681586,443,330,324,326,331,329,341,0
1543890,Indiana Tech,"Game Set 168.1, 2025 College Womens Basketball",0,0,0,25,6,0,322.5203383958083,444,544,904,909,902,902,17,0
1543969,Le Moyne,"Game Set 168.1, 2025 College Womens Basketball",-0.000243252,0,0,12,21,0,322.2728368073229,445,146,138,430,594,146,342,0
1543322,Adams St,"Game Set 168.1, 2025 College Womens Basketball",0,0,0,22,11,0,322.1776193595247,446,451,451,453,456,451,81,0
1544489,Southern Nazarene,"Game Set 168.1, 2025 College Womens Basketball",0,0,0,10,17,0,322.0708696805284,447,501,498,491,494,499,82,0
1544265,Ouachita,"Game Set 168.1, 2025 College Womens Basketball",0,0,0,14,14,0,321.9883675189848,448,496,500,492,495,490,83,0
1544703,WI LaCrosse,"Game Set 168.1, 2025 College Womens Basketball",0,0,0,21,10,0,321.9507490185663,449,784,776,741,1030,763,7,0
1543874,IN Wesleyan,"Game Set 168.1, 2025 College Womens Basketball",0,0,0,18,14,0,321.8357947709508,450,1317,1246,926,539,538,18,0
1543528,Canisius,"Game Set 168.1, 2025 College Womens Basketball",-2.12E-05,0,0,5,24,0,321.73895636086917,451,323,145,330,325,332,343,0
1544028,MN Crookston,"Game Set 168.1, 2025 College Womens Basketball",0,0,0,8,21,0,321.6027114709941,452,522,520,515,526,524,84,0
1544233,OK Baptist,"Game Set 168.1, 2025 College Womens Basketball",0,0,0,14,14,0,321.4598615392358,453,493,498,499,494,497,85,0
1543646,Cumberlands KY,"Game Set 168.1, 2025 College Womens Basketball",0,0,0,19,13,0,321.3815689891171,454,537,921,930,930,929,19,0
1544040,MT Tech,"Game Set 168.1, 2025 College Womens Basketball",0,0,0,26,5,0,321.35952000382105,455,316,1535,1317,1011,1012,20,0
1543422,Bentley,"Game Set 168.1, 2025 College Womens Basketball",0,0,0,23,5,0,321.31631922395337,456,666,672,598,602,595,86,0
1544007,Loyola NO,"Game Set 168.1, 2025 College Womens Basketball",0,0,0,26,5,0,321.23733425824787,457,920,1299,1108,1102,924,21,0
1544556,Stonehill,"Game Set 168.1, 2025 College Womens Basketball",0,0,0,12,18,0,321.16052767761346,458,430,136,430,141,599,344,0
1544135,Morgan St,"Game Set 168.1, 2025 College Womens Basketball",4.494870900467312e-05,0,0,5,26,0,320.8954148895364,459,333,341,334,333,340,345,0
1543316,AK Anchorage,"Game Set 168.1, 2025 College Womens Basketball",0,0,0,16,14,0,320.8315856463853,460,706,712,708,707,715,87,0
1544734,Washington StL,"Game Set 168.1, 2025 College Womens Basketball",0,0,0,21,7,0,320.6885647679891,461,763,857,758,787,786,8,0
1543747,Findlay,"Game Set 168.1, 2025 College Womens Basketball",0,0,0,16,13,0,320.58073290560765,462,609,922,607,605,608,88,0
1544172,NE Oklahoma,"Game Set 168.1, 2025 College Womens Basketball",0,0,0,17,12,0,320.5795222,463,405,404,410,411,403,89,0
1544197,New Orleans,"Game Set 168.1, 2025 College Womens Basketball",0,0,0,3,27,0,320.5163761521647,464,254,259,255,261,152,346,0
1544781,Wingate,"Game Set 168.1, 2025 College Womens Basketball",0,0,0,19,10,0,320.43117580743484,465,555,558,555,557,548,90,0
1544722,Walsh,"Game Set 168.1, 2025 College Womens Basketball",0,0,0,17,14,0,320.43063065986956,466,615,605,609,607,1460,91,0
1543709,Edward Waters,"Game Set 168.1, 2025 College Womens Basketball",0,0,0,23,7,0,320.4255611969616,467,640,699,692,690,691,92,0
1543708,Edinboro,"Game Set 168.1, 2025 College Womens Basketball",0,0,0,19,14,0,320.31471760362376,468,443,429,438,435,439,93,0
1543434,Bethune-Cookman,"Game Set 168.1, 2025 College Womens Basketball",-0.00011766,0,0,7,26,0,320.2731972139686,469,204,198,204,197,194,347,0
1544730,Washington & Lee,"Game Set 168.1, 2025 College Womens Basketball",0,0,0,31,1,0,320.2047991583072,470,859,823,529,1121,297,9,0
1543572,Chicago,"Game Set 168.1, 2025 College Womens Basketball",0,0,0,20,8,0,320.20269746516493,471,763,811,764,824,781,10,0
1543871,IL Wesleyan,"Game Set 168.1, 2025 College Womens Basketball",0,0,0,23,6,0,320.06364956459817,472,811,1172,741,737,740,11,0
1543724,Emporia St,"Game Set 168.1, 2025 College Womens Basketball",0,0,0,15,15,0,319.87159287230935,473,413,412,403,411,415,94,0
1544177,NM Highlands,"Game Set 168.1, 2025 College Womens Basketball",0,0,0,13,16,0,319.8648443831837,474,451,458,447,1561,450,95,0
1544540,St Rose,"Game Set 168.1, 2025 College Womens Basketball",0,0,0,0,0,0,319.8567627524439,-1,666,598,595,594,601,-1,0
1543980,Lewis,"Game Set 168.1, 2025 College Womens Basketball",0,0,0,18,13,0,319.8476627039244,475,560,561,519,568,559,96,0
1543911,Johns Hopkins,"Game Set 168.1, 2025 College Womens Basketball",0,0,0,28,2,0,319.82230725059634,476,826,586,1196,745,750,12,0
1543623,Concordia CA,"Game Set 168.1, 2025 College Womens Basketball",0,0,0,14,14,0,319.68658218146896,477,503,510,505,502,897,97,0
1544671,Valdosta St,"Game Set 168.1, 2025 College Womens Basketball",0,0,0,16,13,0,319.60387216121217,478,650,649,646,645,651,98,0
1544111,Minot St,"Game Set 168.1, 2025 College Womens Basketball",0,0,0,11,20,0,319.57693514624805,479,523,513,967,514,528,99,0
1544072,McKendree,"Game Set 168.1, 2025 College Womens Basketball",0,0,0,19,9,0,319.4847203850055,480,570,562,565,568,519,100,0
1543909,John Carroll,"Game Set 168.1, 2025 College Womens Basketball",0,0,0,26,5,0,319.43797765803583,481,859,757,1001,858,857,13,0
1543649,Daemen,"Game Set 168.1, 2025 College Womens Basketball",0,0,0,26,4,0,319.3379534400322,482,688,592,689,672,671,101,0
1543843,Hillsdale,"Game Set 168.1, 2025 College Womens Basketball",0,0,0,15,12,0,319.2970687414155,483,606,615,610,614,729,102,0
1543664,Delaware St,"Game Set 168.1, 2025 College Womens Basketball",6.87450843600883e-05,0,0,7,23,0,319.09644104154273,484,336,336,335,339,337,348,0
1544750,West Florida,"Game Set 168.1, 2025 College Womens Basketball",0,0,0,18,12,0,319.0601707111628,485,645,646,649,651,645,103,0
1543573,Chicago St,"Game Set 168.1, 2025 College Womens Basketball",0,0,0,9,23,0,319.0544755099391,486,144,140,138,144,143,349,0
1544756,Western St CO,"Game Set 168.1, 2025 College Womens Basketball",0,0,0,16,11,0,318.9738016223599,487,447,1561,461,450,452,104,0
1543728,Evangel,"Game Set 168.1, 2025 College Womens Basketball",0,0,0,29,4,0,318.96592708908355,488,923,1062,1057,1056,1048,22,0
1543429,Bethel IN,"Game Set 168.1, 2025 College Womens Basketball",0,0,0,22,12,0,318.8574949044502,489,1289,1054,921,1059,541,23,0
1544208,North Dakota,"Game Set 168.1, 2025 College Womens Basketball",0,0,0,7,24,0,318.8507309342297,490,351,344,347,345,344,350,0
1544399,S Arkansas,"Game Set 168.1, 2025 College Womens Basketball",0,0,0,12,17,0,318.8263298248571,491,496,499,497,498,501,105,0
1543495,CS Chico,"Game Set 168.1, 2025 College Womens Basketball",0,0,0,20,12,0,318.7907125931792,492,467,469,472,463,462,106,0
1543498,CS Monterey Bay,"Game Set 168.1, 2025 College Womens Basketball",0,0,0,14,16,0,318.7288549563105,493,471,464,468,466,465,107,0
1544173,NE Omaha,"Game Set 168.1, 2025 College Womens Basketball",-7.40E-05,0,0,6,27,0,318.6347362620761,494,344,348,349,342,347,351,0
1544704,WI Lutheran,"Game Set 168.1, 2025 College Womens Basketball",0,0,0,24,6,0,318.62830460485145,495,763,819,954,963,965,14,0
1544375,Ripon,"Game Set 168.1, 2025 College Womens Basketball",0,0,0,26,4,0,318.5868171204749,496,826,768,886,883,889,15,0
1543996,Lock Haven,"Game Set 168.1, 2025 College Womens Basketball",0,0,0,22,6,0,318.5503640894808,497,442,434,446,433,431,108,0
1544696,W Oregon,"Game Set 168.1, 2025 College Womens Basketball",0,0,0,14,15,0,318.5116033514033,498,710,709,714,713,709,109,0
1544512,St Francis NY,"Game Set 168.1, 2025 College Womens Basketball",0,0,0,0,0,0,318.45051704347037,-1,146,138,145,146,139,-1,0
1543626,Concordia Mhd,"Game Set 168.1, 2025 College Womens Basketball",0,0,0,26,6,0,317.9763153862209,499,933,752,882,1022,823,16,0
1543384,Augusta,"Game Set 168.1, 2025 College Womens Basketball",0,0,0,21,10,0,317.9191869180779,500,553,580,576,1107,574,110,0
1544573,TX Southern,"Game Set 168.1, 2025 College Womens Basketball",-0.00011956,0,0,10,21,0,317.8377046898648,501,201,199,196,195,205,352,0
1544786,Wm Carey,"Game Set 168.1, 2025 College Womens Basketball",0,0,0,24,7,0,317.81625800555656,502,923,924,1100,1101,1104,24,0
1543743,Fayetteville St,"Game Set 168.1, 2025 College Womens Basketball",0,0,0,21,6,0,317.7842280536823,503,439,654,663,653,659,111,0
1544485,Southeastern FL,"Game Set 168.1, 2025 College Womens Basketball",0,0,0,28,5,0,317.7809503543833,504,930,1099,1189,1183,1188,25,0
1543918,KY Wesleyan,"Game Set 168.1, 2025 College Womens Basketball",0,0,0,15,12,0,317.69030421576707,505,609,922,615,605,606,112,0
1544713,WI Whitewater,"Game Set 168.1, 2025 College Womens Basketball",0,0,0,20,9,0,317.59821097428477,506,787,1281,765,769,768,17,0
1543944,LSU Shreveport,"Game Set 168.1, 2025 College Womens Basketball",0,0,0,28,5,0,317.3198168,507,929,947,1532,1146,1152,26,0
1543659,DePauw,"Game Set 168.1, 2025 College Womens Basketball",0,0,0,19,10,0,317.13401014502676,508,741,583,859,860,855,18,0
1544264,Otterbein,"Game Set 168.1, 2025 College Womens Basketball",0,0,0,23,6,0,316.96112689951127,509,933,297,586,582,591,19,0
1544385,Rocky Mtn,"Game Set 168.1, 2025 College Womens Basketball",0,0,0,21,12,0,316.93674975891116,510,969,312,1007,1315,1313,27,0
1544626,Tyler JC,"Game Set 168.1, 2025 College Womens Basketball",0,0,0,0,0,0,316.76636453305355,-1,1501,1500,1501,1499,1501,-1,0
1543357,Angelo St,"Game Set 168.1, 2025 College Womens Basketball",0,0,0,15,12,0,316.5654797049686,511,487,481,474,484,476,113,0
1544737,Wayne St NE,"Game Set 168.1, 2025 College Womens Basketball",0,0,0,10,18,0,316.5268651671488,512,522,516,518,525,527,114,0
1544104,Miles,"Game Set 168.1, 2025 College Womens Basketball",0,0,0,25,7,0,316.50793944167924,513,286,696,700,705,695,115,0
1544472,Simon Fraser,"Game Set 168.1, 2025 College Womens Basketball",0,0,0,10,19,0,316.29788717009865,514,708,707,710,713,714,116,0
1543776,Ft Lewis,"Game Set 168.1, 2025 College Womens Basketball",0,0,0,18,11,0,316.16648504765243,515,451,458,456,1561,461,117,0
1544568,TN Southern,"Game Set 168.1, 2025 College Womens Basketball",0,0,0,23,7,0,316.1173807773808,516,544,971,1108,1099,1104,28,0
1544232,OH Dominican,"Game Set 168.1, 2025 College Womens Basketball",0,0,0,14,14,0,316.1015549468444,517,611,609,605,613,610,118,0
1544748,West Alabama,"Game Set 168.1, 2025 College Womens Basketball",0,0,0,14,14,0,316.07035011920067,518,640,640,646,649,651,119,0
1544708,WI Platteville,"Game Set 168.1, 2025 College Womens Basketball",0,0,0,18,9,0,315.96931078851344,519,874,768,770,766,768,20,0
1544389,Roosevelt,"Game Set 168.1, 2025 College Womens Basketball",0,0,0,9,20,0,315.9440196234329,520,639,636,631,637,639,120,0
1543436,Biola,"Game Set 168.1, 2025 College Womens Basketball",0,0,0,13,14,0,315.83178399254825,521,503,512,897,508,896,121,0
1543431,Bethel MN,"Game Set 168.1, 2025 College Womens Basketball",0,0,0,24,7,0,315.7941066805863,522,301,874,871,826,824,21,0
1543354,Anderson SC,"Game Set 168.1, 2025 College Womens Basketball",0,0,0,13,17,0,315.7858945740754,523,551,553,549,553,552,122,0
1544620,Truman St,"Game Set 168.1, 2025 College Womens Basketball",0,0,0,17,13,0,315.70144340902937,524,571,564,559,567,560,123,0
1544036,MS Valley St,"Game Set 168.1, 2025 College Womens Basketball",-0.000463286,0,0,8,23,0,315.6704612890941,525,202,199,196,195,202,353,0
1543869,IL Springfield,"Game Set 168.1, 2025 College Womens Basketball",0,0,0,14,14,0,315.30804145832184,526,565,564,519,570,559,124,0
1543906,Jamestown,"Game Set 168.1, 2025 College Womens Basketball",0,0,0,8,18,0,315.1281339,527,526,524,520,515,528,125,0
1544653,UVA-Wise,"Game Set 168.1, 2025 College Womens Basketball",0,0,0,16,15,0,315.1152519811127,528,551,547,546,556,549,126,0
1543400,Baldwin-Wallace,"Game Set 168.1, 2025 College Womens Basketball",0,0,0,25,4,0,315.09845181288966,529,752,1004,587,589,590,22,0
1543387,Augustana SD,"Game Set 168.1, 2025 College Womens Basketball",0,0,0,9,19,0,314.9001616646909,530,516,522,525,518,523,127,0
1544256,Olivet Naz,"Game Set 168.1, 2025 College Womens Basketball",0,0,0,24,7,0,314.8257343134204,531,944,1066,1226,1232,1230,29,0
1544088,Metro St,"Game Set 168.1, 2025 College Womens Basketball",0,0,0,15,15,0,314.65065143325825,532,459,454,449,458,456,128,0
1544710,WI Stevens Pt,"Game Set 168.1, 2025 College Womens Basketball",0,0,0,15,12,0,314.5661095936917,533,764,763,764,765,768,23,0
1543488,C Oklahoma,"Game Set 168.1, 2025 College Womens Basketball",0,0,0,10,18,0,314.53755447550066,534,412,485,413,409,410,129,0
1544726,Wartburg,"Game Set 168.1, 2025 College Womens Basketball",0,0,0,20,7,0,314.3590391385577,535,874,880,878,873,879,24,0
1543539,Carroll WI,"Game Set 168.1, 2025 College Womens Basketball",0,0,0,23,6,0,314.2738413731306,536,765,858,738,733,737,25,0
1544079,Menlo,"Game Set 168.1, 2025 College Womens Basketball",0,0,0,13,14,0,314.19629319441617,537,897,507,509,895,505,130,0
1543655,Davenport,"Game Set 168.1, 2025 College Womens Basketball",0,0,0,7,22,0,313.97854141084855,538,630,633,635,634,1227,131,0
1543982,Lewis-Clark ID,"Game Set 168.1, 2025 College Womens Basketball",8.857539715626762e-05,0,0,26,8,0,313.94884019696633,539,1006,893,311,313,312,30,0
1544440,Saginaw Val,"Game Set 168.1, 2025 College Womens Basketball",0,0,0,7,21,0,313.6277175269682,540,639,637,638,633,630,132,0
1543602,Col Ozarks,"Game Set 168.1, 2025 College Womens Basketball",0,0,0,25,11,0,313.3574217666419,541,540,608,703,974,313,31,0
1543645,Cumberland TN,"Game Set 168.1, 2025 College Womens Basketball",0,0,0,15,15,0,313.34086291130313,542,921,928,921,920,926,32,0
1543742,Faulkner,"Game Set 168.1, 2025 College Womens Basketball",0,0,0,22,9,0,313.20039701087427,543,1184,924,1537,1102,989,33,0
1544194,New Haven,"Game Set 168.1, 2025 College Womens Basketball",0,0,0,7,22,0,313.13195237226483,544,143,599,138,146,140,354,0
1544709,WI River Falls,"Game Set 168.1, 2025 College Womens Basketball",0,0,0,16,12,0,312.81034105203776,545,882,763,767,764,770,26,0
1543605,Col of Idaho,"Game Set 168.1, 2025 College Womens Basketball",1.189818767770759e-05,0,0,22,9,0,312.7778382502932,546,541,973,314,312,314,34,0
1544316,Permian Basin,"Game Set 168.1, 2025 College Womens Basketball",0,0,0,15,14,0,312.76750588139765,547,1461,474,481,476,484,133,0
1543535,Carnegie Mellon,"Game Set 168.1, 2025 College Womens Basketball",0,0,0,16,10,0,312.7315583274459,548,780,782,782,783,787,27,0
1543865,Huntington,"Game Set 168.1, 2025 College Womens Basketball",0,0,0,18,12,0,312.6661718807138,549,928,314,537,539,541,35,0
1544581,Temple Col,"Game Set 168.1, 2025 College Womens Basketball",0,0,0,0,0,0,312.5180128952177,-1,1503,1487,1503,1487,1501,-1,0
1543496,CS Dom. Hills,"Game Set 168.1, 2025 College Womens Basketball",0,0,0,12,16,0,312.47591948775556,550,464,462,467,1162,473,134,0
1544534,St Mary's TX,"Game Set 168.1, 2025 College Womens Basketball",0,0,0,16,14,0,312.4568005937921,551,474,489,478,483,794,135,0
1544478,Smith,"Game Set 168.1, 2025 College Womens Basketball",0,0,0,28,2,0,312.42031479704906,552,808,1097,840,842,839,28,0
1543461,Briar Cliff,"Game Set 168.1, 2025 College Womens Basketball",0,0,0,19,12,0,312.37316551666805,553,310,970,968,970,969,36,0
1543415,Belmont Abbey,"Game Set 168.1, 2025 College Womens Basketball",0,0,0,21,7,0,312.2507574122167,554,621,625,628,618,629,136,0
1543417,Bemidji St,"Game Set 168.1, 2025 College Womens Basketball",0,0,0,9,17,0,312.22496102851017,555,528,514,967,513,526,137,0
1544222,Northwestern IA,"Game Set 168.1, 2025 College Womens Basketball",0,0,0,16,14,0,312.2132453858894,556,924,976,974,1318,1480,37,0
1543634,Corban,"Game Set 168.1, 2025 College Womens Basketball",0.000179795,0,0,26,7,0,312.0585915042172,557,1532,316,314,319,320,38,0
1543797,Glenville St,"Game Set 168.1, 2025 College Womens Basketball",0,0,0,24,7,0,312.0163862683802,558,654,419,418,417,424,138,0
1544352,Quincy,"Game Set 168.1, 2025 College Womens Basketball",0,0,0,15,13,0,311.99568064927627,559,567,559,570,561,567,139,0
1543441,Blinn,"Game Set 168.1, 2025 College Womens Basketball",0,0,0,0,0,0,311.9857453782243,-1,1489,1500,1499,1489,1500,-1,0
1543744,Felician,"Game Set 168.1, 2025 College Womens Basketball",0,0,0,24,9,0,311.9187042209811,560,666,688,679,685,684,140,0
1544210,North Georgia,"Game Set 168.1, 2025 College Womens Basketball",0,0,0,19,13,0,311.8532602622317,561,580,581,1512,572,578,141,0
1544387,Rogers St,"Game Set 168.1, 2025 College Womens Basketball",0,0,0,10,18,0,311.66012878827536,562,485,412,409,413,404,142,0
1543380,Assumption,"Game Set 168.1, 2025 College Womens Basketball",0,0,0,20,8,0,311.42613944090544,563,688,595,596,597,593,143,0
1544513,St Francis PA,"Game Set 168.1, 2025 College Womens Basketball",-0.000182439,0,0,3,27,0,311.3980290898283,564,146,146,143,140,138,355,0
1543610,Collin Co,"Game Set 168.1, 2025 College Womens Basketball",0,0,0,0,0,0,311.1637402308196,-1,1503,1491,1503,1491,1501,-1,0
1543418,Benedict,"Game Set 168.1, 2025 College Womens Basketball",0,0,0,19,9,0,311.1187547901513,565,663,657,696,704,699,144,0
1543575,Chowan,"Game Set 168.1, 2025 College Womens Basketball",0,0,0,19,9,0,311.0636661848337,566,625,620,619,577,617,145,0
1543825,Hardin-Simmons,"Game Set 168.1, 2025 College Womens Basketball",4.759275071083036e-05,0,0,24,6,0,311.0205367006961,567,784,979,836,797,788,29,0
1544490,Southern Oregon,"Game Set 168.1, 2025 College Womens Basketball",6.610104265393106e-07,0,0,19,11,0,310.94884191569713,568,1009,316,310,313,315,39,0
1543817,Gust Adolphus,"Game Set 168.1, 2025 College Womens Basketball",0,0,0,18,9,0,310.9011990724619,569,787,823,819,827,1471,30,0
1544690,W Carolina,"Game Set 168.1, 2025 College Womens Basketball",-0.000174507,0,0,3,26,0,310.8540658887683,570,232,230,236,232,233,356,0
1543614,Colorado Mines,"Game Set 168.1, 2025 College Womens Basketball",0,0,0,15,17,0,310.84830412611973,571,450,453,454,456,451,146,0
1543492,CCBC Essex,"Game Set 168.1, 2025 College Womens Basketball",0,0,0,0,0,0,310.5987171547847,-1,1519,1519,1492,1519,1519,-1,0
1543538,Carroll MT,"Game Set 168.1, 2025 College Womens Basketball",0,0,0,19,12,0,310.59190340006484,572,1304,1011,1313,1315,1007,40,0
1544247,Ohio Wesleyan,"Game Set 168.1, 2025 College Womens Basketball",0,0,0,21,6,0,310.5028776,573,781,1073,583,859,858,31,0
1543956,Lake Superior,"Game Set 168.1, 2025 College Womens Basketball",0,0,0,8,21,0,310.41168323555655,574,633,637,639,633,638,147,0
1544411,SC Beaufort,"Game Set 168.1, 2025 College Womens Basketball",0,0,0,18,10,0,310.3284498792681,575,580,574,581,578,575,148,0
1543375,Arkansas-FS,"Game Set 168.1, 2025 College Womens Basketball",0,0,0,5,23,0,310.3092245459766,576,410,404,403,411,413,149,0
1543599,Coe,"Game Set 168.1, 2025 College Womens Basketball",0,0,0,22,7,0,310.30337167430145,577,823,767,877,879,878,32,0
1544711,WI Stout,"Game Set 168.1, 2025 College Womens Basketball",0,0,0,13,13,0,310.26148124090776,578,767,768,763,765,764,33,0
1544660,Upper Iowa,"Game Set 168.1, 2025 College Womens Basketball",0,0,0,14,15,0,310.1021619109168,579,560,570,563,561,567,150,0
1543986,Limestone,"Game Set 168.1, 2025 College Womens Basketball",0,0,0,0,0,0,310.0966684517528,-1,555,546,557,553,547,-1,0
1543505,CSU East Bay,"Game Set 168.1, 2025 College Womens Basketball",0,0,0,12,17,0,310.09454725324406,580,1162,473,463,472,464,151,0
1543502,CS San Bern.,"Game Set 168.1, 2025 College Womens Basketball",0,0,0,12,15,0,310.0656027112213,581,469,471,464,468,473,152,0
1544260,Oregon Tech,"Game Set 168.1, 2025 College Womens Basketball",2.4126880568684835e-05,0,0,20,12,0,310.0469607785162,582,538,311,310,313,310,41,0
1544304,Panola,"Game Set 168.1, 2025 College Womens Basketball",0,0,0,0,0,0,309.9989079389871,-1,1500,1501,1489,1500,1501,-1,0
1544803,Young Harris,"Game Set 168.1, 2025 College Womens Basketball",0,0,0,22,8,0,309.7782244587037,583,621,624,623,624,305,153,0
1544082,Mercy,"Game Set 168.1, 2025 College Womens Basketball",0,0,0,22,10,0,309.7253429997482,584,592,666,668,665,668,154,0
1543577,Chris Newport,"Game Set 168.1, 2025 College Womens Basketball",0,0,0,24,6,0,309.6945335774512,585,301,745,531,530,530,34,0
1544380,Rochester MI,"Game Set 168.1, 2025 College Womens Basketball",0,0,0,22,11,0,309.5750741241432,586,1246,900,903,1513,901,42,0
1543872,IN S Bend,"Game Set 168.1, 2025 College Womens Basketball",0,0,0,21,8,0,309.4456917199588,587,1224,1235,1320,1232,1233,43,0
1544687,Virginia Union,"Game Set 168.1, 2025 College Womens Basketball",0,0,0,17,9,0,309.3352169347742,588,656,662,657,675,663,155,0
1544701,WI Eau Claire,"Game Set 168.1, 2025 College Womens Basketball",0,0,0,13,13,0,309.2592956403794,589,765,767,764,763,769,35,0
1543506,CSU-Pueblo,"Game Set 168.1, 2025 College Womens Basketball",0,0,0,13,15,0,309.2498064482025,590,459,448,449,453,458,156,0
1543964,Lane,"Game Set 168.1, 2025 College Womens Basketball",0,0,0,22,6,0,309.23941486919983,591,690,699,691,705,695,157,0
1544098,Mid-Am Chr,"Game Set 168.1, 2025 College Womens Basketball",0,0,0,25,7,0,309.1527062673871,592,1224,1289,1535,1060,1060,44,0
1544041,MT Western,"Game Set 168.1, 2025 College Womens Basketball",0,0,0,14,15,0,309.0383302755139,593,1006,1008,1007,1012,1316,45,0
1544579,Taylor IN,"Game Set 168.1, 2025 College Womens Basketball",0,0,0,17,13,0,309.01930914158913,594,920,541,542,544,538,46,0
1543518,California PA,"Game Set 168.1, 2025 College Womens Basketball",0,0,0,13,19,0,308.9478176111956,595,442,437,429,442,432,158,0
1544400,S Carolina St,"Game Set 168.1, 2025 College Womens Basketball",-0.000105762,0,0,5,25,0,308.88612011412283,596,334,335,336,340,333,357,0
1543453,Bowie St,"Game Set 168.1, 2025 College Womens Basketball",0,0,0,20,9,0,308.8558973735608,597,691,704,656,661,658,159,0
1543444,Blue Mtn,"Game Set 168.1, 2025 College Womens Basketball",0,0,0,13,14,0,308.798866,598,924,1108,1100,1537,924,47,0
1544510,St Francis IL,"Game Set 168.1, 2025 College Womens Basketball",0,0,0,22,7,0,308.72189202306765,599,974,1235,1225,1467,1233,48,0
1544119,Missouri S&T,"Game Set 168.1, 2025 College Womens Basketball",0,0,0,12,14,0,308.6693855072594,600,571,408,562,565,564,160,0
1543897,Iowa Wesleyan,"Game Set 168.1, 2025 College Womens Basketball",0,0,0,0,0,0,308.62910538954145,-1,969,1207,1203,1214,1234,-1,0
1543583,Claflin,"Game Set 168.1, 2025 College Womens Basketball",0,0,0,17,9,0,308.5774390529828,601,654,657,658,662,656,161,0
1543703,Eastern Oregon,"Game Set 168.1, 2025 College Womens Basketball",1.0576166824628969e-05,0,0,25,7,0,308.51395113838515,602,1289,316,315,314,312,49,0
1543421,Benedictine KS,"Game Set 168.1, 2025 College Womens Basketball",0,0,0,24,8,0,308.2479137,603,1147,944,950,1306,944,50,0
1543836,Hawaii Pacific,"Game Set 168.1, 2025 College Womens Basketball",0,0,0,10,18,0,308.2457694930156,604,512,502,503,894,509,162,0
1544302,Palm Beach Atl,"Game Set 168.1, 2025 College Womens Basketball",0,0,0,12,18,0,308.2372999249746,605,286,292,287,290,293,163,0
1543566,Charleston WV,"Game Set 168.1, 2025 College Womens Basketball",0,0,0,21,11,0,308.21219677367026,606,429,423,427,426,420,164,0
1543965,Langston,"Game Set 168.1, 2025 College Womens Basketball",0,0,0,24,7,0,308.0292744806292,607,540,1065,1535,1065,1067,51,0
1543452,Bowdoin,"Game Set 168.1, 2025 College Womens Basketball",0,0,0,25,3,0,308.0113502041876,608,776,718,808,798,800,36,0
1543407,Bates,"Game Set 168.1, 2025 College Womens Basketball",0,0,0,26,4,0,307.8004992326759,609,933,1473,1137,807,805,37,0
1543445,Bluefield St,"Game Set 168.1, 2025 College Womens Basketball",0,0,0,15,12,0,307.73138299886546,610,654,659,660,653,658,165,0
1543405,Barton,"Game Set 168.1, 2025 College Womens Basketball",0,0,0,19,11,0,307.69671556910754,611,621,622,618,621,652,166,0
1544536,St Michael's,"Game Set 168.1, 2025 College Womens Basketball",0,0,0,15,14,0,307.6490560909414,612,598,592,604,593,598,167,0
1543430,Bethel KS,"Game Set 168.1, 2025 College Womens Basketball",0,0,0,21,10,0,307.59622770261626,613,1317,970,1057,1052,1057,52,0
1544200,Niagara,"Game Set 168.1, 2025 College Womens Basketball",-4.23E-05,0,0,1,28,0,307.5957183485079,614,145,323,325,330,322,358,0
1544344,Providence GF,"Game Set 168.1, 2025 College Womens Basketball",0,0,0,15,14,0,307.54917804742394,615,1006,1006,1011,1009,1008,53,0
1544038,MT St Northern,"Game Set 168.1, 2025 College Womens Basketball",0,0,0,16,12,0,307.5327952,616,1317,1009,1011,1006,1008,54,0
1544717,WV Wesleyan,"Game Set 168.1, 2025 College Womens Basketball",0,0,0,18,7,0,307.49424600659967,617,427,421,418,420,419,168,0
1544727,Wash & Jeff,"Game Set 168.1, 2025 College Womens Basketball",0,0,0,22,7,0,307.4893606808057,618,738,1178,1175,1174,1180,38,0
1543342,Allen,"Game Set 168.1, 2025 College Womens Basketball",0,0,0,18,10,0,307.4661728553653,619,690,701,696,694,701,169,0
1544561,Susquehanna,"Game Set 168.1, 2025 College Womens Basketball",0,0,0,21,5,0,307.3807169385766,620,937,936,939,933,932,39,0
1544533,St Mary's MN,"Game Set 168.1, 2025 College Womens Basketball",0,0,0,20,9,0,307.3610459285166,621,955,826,821,824,821,40,0
1544606,Transylvania,"Game Set 168.1, 2025 College Womens Basketball",0,0,0,24,6,0,307.35149839830353,622,764,1283,1284,1278,1278,41,0
1544674,Valparaiso,"Game Set 168.1, 2025 College Womens Basketball",-7.44E-05,0,0,0,32,0,307.2296766155496,623,160,166,163,168,167,359,0
1544648,UT Dallas,"Game Set 168.1, 2025 College Womens Basketball",0,0,0,13,15,0,307.1672535014284,624,488,489,794,1461,487,170,0
1543722,Emory,"Game Set 168.1, 2025 College Womens Basketball",0,0,0,15,10,0,307.09396151619774,625,783,785,785,780,784,42,0
1543974,Lees-McRae,"Game Set 168.1, 2025 College Womens Basketball",0,0,0,23,9,0,307.04897211290506,626,546,621,622,652,305,171,0
1543796,Gettysburg,"Game Set 168.1, 2025 College Womens Basketball",0,0,0,21,7,0,307.0164506108148,627,529,752,746,1464,750,43,0
1543542,Case Western,"Game Set 168.1, 2025 College Womens Basketball",0,0,0,11,14,0,306.8940284052755,628,785,783,782,781,787,44,0
1543765,Francis Marion,"Game Set 168.1, 2025 College Womens Basketball",0,0,0,19,11,0,306.8084246752662,629,555,625,620,628,627,172,0
1543522,Calvin,"Game Set 168.1, 2025 College Womens Basketball",0,0,0,16,11,0,306.7874342076801,630,810,815,815,810,812,45,0
1543370,Ark Monticello,"Game Set 168.1, 2025 College Womens Basketball",0,0,0,6,22,0,306.7623750781833,631,499,501,498,497,494,173,0
1543544,Catawba,"Game Set 168.1, 2025 College Womens Basketball",0,0,0,12,16,0,306.73206446576785,632,546,552,548,558,556,174,0
1543549,Cedarville,"Game Set 168.1, 2025 College Womens Basketball",0,0,0,14,18,0,306.7225362038557,633,1054,1289,1044,613,611,175,0
1543581,Cisco JC,"Game Set 168.1, 2025 College Womens Basketball",0,0,0,1,0,0,306.6853001597515,-1,1532,1532,1532,1532,1532,-1,0
1544115,Mississippi Col,"Game Set 168.1, 2025 College Womens Basketball",0,0,0,9,18,0,306.5965071874176,634,650,643,616,644,648,176,0
1544097,Mid Georgia,"Game Set 168.1, 2025 College Womens Basketball",0,0,0,17,11,0,306.5597317403438,635,572,575,576,572,574,177,0
1543621,Concord,"Game Set 168.1, 2025 College Womens Basketball",0,0,0,18,12,0,306.47829449782927,636,418,423,420,417,426,178,0
1543556,Central Conn,"Game Set 168.1, 2025 College Womens Basketball",0,0,0,2,27,0,306.37854100312524,637,594,141,430,136,599,360,0
1544479,Sonoma St,"Game Set 168.1, 2025 College Womens Basketball",0,0,0,0,1,0,306.34576759590914,-1,471,471,471,471,471,-1,0
1544600,Tiffin,"Game Set 168.1, 2025 College Womens Basketball",0,0,0,9,18,0,306.32244805441763,638,608,615,922,614,611,179,0
1544136,Morningside,"Game Set 168.1, 2025 College Womens Basketball",0,0,0,13,15,0,306.11796771872446,639,973,976,971,970,969,55,0
1543820,Hamline,"Game Set 168.1, 2025 College Womens Basketball",0,0,0,19,7,0,306.06089671892573,640,819,822,819,1472,823,46,0
1544403,S Francisco St,"Game Set 168.1, 2025 College Womens Basketball",0,0,0,8,21,0,306.05366038794625,641,473,1162,472,463,468,180,0
1543516,Caldwell,"Game Set 168.1, 2025 College Womens Basketball",0,0,0,21,9,0,305.99638399421497,642,689,680,688,678,680,181,0
1543739,Fairmont St,"Game Set 168.1, 2025 College Womens Basketball",0,0,0,21,9,0,305.9706352,643,423,424,427,428,674,182,0
1544464,Shawnee St,"Game Set 168.1, 2025 College Womens Basketball",0,0,0,23,9,0,305.96296449934096,644,942,1108,1254,1247,1252,56,0
1544324,Pitt-Johnstown,"Game Set 168.1, 2025 College Womens Basketball",0,0,0,10,18,0,305.95454796505226,645,445,439,443,435,442,183,0
1544631,UC Merced,"Game Set 168.1, 2025 College Womens Basketball",0,0,0,8,22,0,305.9510446,646,465,466,469,471,467,184,0
1544339,Presbyterian,"Game Set 168.1, 2025 College Womens Basketball",0,0,0,3,27,0,305.8528193732205,647,356,353,361,352,355,361,0
1544414,SD Mines,"Game Set 168.1, 2025 College Womens Basketball",0,0,0,9,20,0,305.7879009,648,460,450,448,455,453,185,0
1544764,Wheeling,"Game Set 168.1, 2025 College Womens Basketball",0,0,0,17,12,0,305.78410331167646,649,419,417,1249,423,424,186,0
1544777,Williams Bap,"Game Set 168.1, 2025 College Womens Basketball",0,0,0,24,7,0,305.6980781391074,650,930,1304,1479,1309,1311,57,0
1544149,Mt Union,"Game Set 168.1, 2025 College Womens Basketball",0,0,0,18,9,0,305.6963570122155,651,587,585,588,590,584,47,0
1544685,Virginia St,"Game Set 168.1, 2025 College Womens Basketball",0,0,0,17,10,0,305.69098561123195,652,691,655,653,663,660,187,0
1543456,Brandeis,"Game Set 168.1, 2025 College Womens Basketball",0,0,0,13,12,0,305.5273849194226,653,784,781,787,783,782,48,0
1544407,S New Hampshire,"Game Set 168.1, 2025 College Womens Basketball",0,0,0,14,13,0,305.25432989945324,654,598,600,592,596,597,188,0
1543644,Culver-Stockton,"Game Set 168.1, 2025 College Womens Basketball",0,0,0,21,10,0,304.96129569836637,655,944,949,948,940,949,58,0
1543791,Georgia C&S,"Game Set 168.1, 2025 College Womens Basketball",0,0,0,15,17,0,304.9372977083062,656,572,574,1512,578,575,189,0
1543348,American Intl,"Game Set 168.1, 2025 College Womens Basketball",0,0,0,16,11,0,304.85176689540475,657,602,601,593,602,598,190,0
1544102,Midway,"Game Set 168.1, 2025 College Womens Basketball",0,0,0,21,10,0,304.8089981448202,658,1248,923,1251,1556,1246,59,0
1544575,Tabor,"Game Set 168.1, 2025 College Womens Basketball",0,0,0,16,16,0,304.7270952551338,659,942,1058,1049,1055,1049,60,0
1544593,The Master's,"Game Set 168.1, 2025 College Womens Basketball",0,0,0,18,8,0,304.70367051840105,660,890,1169,1166,890,1167,61,0
1543940,Kutztown,"Game Set 168.1, 2025 College Womens Basketball",0,0,0,19,10,0,304.5172567,661,439,444,431,440,436,191,0
1543771,Fresno Pacific,"Game Set 168.1, 2025 College Womens Basketball",0,0,0,9,19,0,304.50669423680654,662,508,897,896,506,510,192,0
1543586,Clark Atlanta,"Game Set 168.1, 2025 College Womens Basketball",0,0,0,18,12,0,304.5037725521985,663,690,692,697,696,694,193,0
1543856,Hope Intl,"Game Set 168.1, 2025 College Womens Basketball",0,0,0,22,7,0,304.4714966334457,664,316,890,1166,891,1169,62,0
1544587,Texas A&M Intl,"Game Set 168.1, 2025 College Womens Basketball",0,0,0,12,15,0,304.3770700298579,665,487,1461,474,481,476,194,0
1544588,Texas A&M-SA,"Game Set 168.1, 2025 College Womens Basketball",8.460933459703175e-05,0,0,24,11,0,304.3691282,666,976,311,1147,1148,1156,63,0
1544013,Lynn,"Game Set 168.1, 2025 College Womens Basketball",0,0,0,14,15,0,304.3256890308358,667,287,288,293,287,292,195,0
1544141,Mt Marty,"Game Set 168.1, 2025 College Womens Basketball",0,0,0,12,14,0,304.31046011138466,668,969,1480,970,974,978,64,0
1544508,St Edward's,"Game Set 168.1, 2025 College Womens Basketball",0,0,0,16,13,0,304.1069489610214,669,482,794,483,488,486,196,0
1543458,Brescia,"Game Set 168.1, 2025 College Womens Basketball",0,0,0,22,8,0,304.08554607240205,670,541,1246,923,1251,1247,65,0
1543545,Catholic,"Game Set 168.1, 2025 College Womens Basketball",0,0,0,18,9,0,303.9343854846667,671,933,938,933,937,936,49,0
1543803,Governors St,"Game Set 168.1, 2025 College Womens Basketball",0,0,0,18,11,0,303.8650409121342,672,1224,1225,1226,1320,1233,66,0
1544503,St Benedict,"Game Set 168.1, 2025 College Womens Basketball",0,0,0,16,9,0,303.7662738825805,673,825,1471,821,822,817,50,0
1543388,Aurora,"Game Set 168.1, 2025 College Womens Basketball",0,0,0,21,6,0,303.6067536891725,674,954,964,963,958,954,51,0
1544501,St Anselm,"Game Set 168.1, 2025 College Womens Basketball",0,0,0,12,13,0,303.5779657085358,675,602,604,600,597,595,197,0
1544004,Lourdes,"Game Set 168.1, 2025 College Womens Basketball",0,0,0,21,9,0,303.43204703012873,676,904,907,909,907,906,67,0
1544250,Oklahoma Chr,"Game Set 168.1, 2025 College Womens Basketball",0,0,0,12,16,0,303.37568369429096,677,790,489,489,478,487,198,0
1544546,St Xavier IL,"Game Set 168.1, 2025 College Womens Basketball",0,0,0,17,11,0,303.27830443777464,678,1232,1228,1320,1467,1233,68,0
1543613,Colorado Col,"Game Set 168.1, 2025 College Womens Basketball",0,0,0,20,6,0,303.1533265172821,679,870,792,830,833,793,52,0
1544760,Westminster UT,"Game Set 168.1, 2025 College Womens Basketball",0,0,0,9,20,0,303.1353932946449,680,461,447,460,450,459,199,0
1544459,Seattle Pacific,"Game Set 168.1, 2025 College Womens Basketball",0,0,0,7,21,0,302.9515334080737,681,715,710,713,714,711,200,0
1544787,Wm Jessup,"Game Set 168.1, 2025 College Womens Basketball",0,0,0,9,20,0,302.89994771551056,682,507,897,510,507,506,201,0
1543503,CS San Marcos,"Game Set 168.1, 2025 College Womens Basketball",0,0,0,7,22,0,302.8984146832014,683,468,464,465,466,471,202,0
1543323,Adelphi,"Game Set 168.1, 2025 College Womens Basketball",0,0,0,13,14,0,302.5273399638957,684,598,604,592,598,595,203,0
1544381,Rochester NY,"Game Set 168.1, 2025 College Womens Basketball",0,0,0,11,14,0,302.4250507287862,685,782,780,785,786,784,53,0
1543585,Clarion,"Game Set 168.1, 2025 College Womens Basketball",0,0,0,12,15,0,302.32456770445526,686,439,432,443,429,442,204,0
1544570,TX A&M K'ville,"Game Set 168.1, 2025 College Womens Basketball",0,0,0,5,22,0,302.2749974283287,687,1461,487,481,474,484,205,0
1544571,TX A&M Texarkana,"Game Set 168.1, 2025 College Womens Basketball",0,0,0,20,11,0,302.2082870422337,688,1532,1064,1532,1152,1154,69,0
1543591,Clayton St,"Game Set 168.1, 2025 College Womens Basketball",0,0,0,11,17,0,302.1257573178338,689,574,573,578,1512,572,206,0
1543773,Friends,"Game Set 168.1, 2025 College Womens Basketball",0,0,0,24,8,0,302.12264584960195,690,976,1057,1054,1050,1047,70,0
1543810,Grand View,"Game Set 168.1, 2025 College Womens Basketball",0,0,0,22,9,0,302.02850929130267,691,1317,947,941,946,945,71,0
1544086,Messiah,"Game Set 168.1, 2025 College Womens Basketball",0,0,0,24,5,0,302.0235231021388,692,784,755,1072,1076,1071,54,0
1543675,Doane,"Game Set 168.1, 2025 College Womens Basketball",0,0,0,12,15,0,302.00831421825217,693,974,978,976,1318,974,72,0
1544198,Newberry,"Game Set 168.1, 2025 College Womens Basketball",0,0,0,13,17,0,301.8001388,694,546,547,551,550,549,207,0
1543936,King,"Game Set 168.1, 2025 College Womens Basketball",0,0,0,15,16,0,301.7346516278538,695,618,627,624,628,618,208,0
1543993,Linfield,"Game Set 168.1, 2025 College Womens Basketball",0.000248375,0,0,22,4,0,301.6860730617235,696,985,985,986,981,982,55,0
1543892,Indianapolis,"Game Set 168.1, 2025 College Womens Basketball",0,0,0,5,23,0,301.63751581565964,697,568,566,570,563,561,209,0
1544537,St Norbert,"Game Set 168.1, 2025 College Womens Basketball",0,0,0,18,8,0,301.6125482096547,698,955,962,961,966,963,56,0
1544542,St Thomas FL,"Game Set 168.1, 2025 College Womens Basketball",0,0,0,17,12,0,301.58156232628977,699,1184,1191,1514,1188,1190,73,0
1544468,Shorter,"Game Set 168.1, 2025 College Womens Basketball",0,0,0,17,13,0,301.5689015873029,700,625,618,629,617,623,210,0
1544427,SUNY New Paltz,"Game Set 168.1, 2025 College Womens Basketball",0,0,0,26,4,0,301.4504708,701,583,1131,755,760,759,57,0
1543759,Florida Tech,"Game Set 168.1, 2025 College Womens Basketball",0,0,0,10,19,0,301.43005443161803,702,293,294,289,296,286,211,0
1544765,Whitman,"Game Set 168.1, 2025 College Womens Basketball",0.000107084,0,0,21,8,0,301.3650626213978,703,791,911,985,981,982,58,0
1544337,Prairie View,"Game Set 168.1, 2025 College Womens Basketball",-0.000126707,0,0,2,28,0,301.26214236591903,704,205,198,195,196,202,362,0
1544251,Oklahoma S&A,"Game Set 168.1, 2025 College Womens Basketball",0,0,0,19,11,0,301.1970960524866,705,942,1289,1070,1060,1535,74,0
1544405,S Maine,"Game Set 168.1, 2025 College Womens Basketball",0,0,0,27,3,0,301.1258966693762,706,765,807,719,778,775,59,0
1543541,Carthage,"Game Set 168.1, 2025 College Womens Basketball",0,0,0,15,12,0,301.0857481421671,707,738,735,741,736,740,60,0
1544466,Shepherd,"Game Set 168.1, 2025 College Womens Basketball",0,0,0,11,16,0,301.0234862660318,708,446,446,434,441,433,212,0
1544071,McDaniel,"Game Set 168.1, 2025 College Womens Basketball",0,0,0,22,7,0,300.8348777,709,1198,1005,752,749,744,61,0
1544360,Randolph-Macon,"Game Set 168.1, 2025 College Womens Basketball",0,0,0,21,8,0,300.83324078592716,710,587,301,303,302,300,62,0
1543331,Albany GA,"Game Set 168.1, 2025 College Womens Basketball",0,0,0,16,13,0,300.7161844375783,711,696,702,697,691,705,213,0
1543612,Colorado Chr,"Game Set 168.1, 2025 College Womens Basketball",0,0,0,7,22,0,300.6365399876631,712,448,455,453,454,451,214,0
1544106,Milligan,"Game Set 168.1, 2025 College Womens Basketball",0,0,0,23,8,0,300.6175682548724,713,1100,1294,925,1293,1297,75,0
1543695,E Stroudsburg,"Game Set 168.1, 2025 College Womens Basketball",0,0,0,17,12,0,300.3599703,714,436,433,441,438,434,215,0
1544527,St Mary KS,"Game Set 168.1, 2025 College Womens Basketball",0,0,0,20,13,0,300.35627521778383,715,944,942,1050,1047,1051,76,0
1543792,Georgia SW,"Game Set 168.1, 2025 College Womens Basketball",0,0,0,10,18,0,300.3263488627161,716,576,573,580,575,1512,216,0
1543723,Emory & Henry,"Game Set 168.1, 2025 College Womens Basketball",0,0,0,7,22,0,300.3207938653737,717,555,549,550,551,547,217,0
1543443,Bloomsburg,"Game Set 168.1, 2025 College Womens Basketball",0,0,0,16,16,0,300.2984977586872,718,443,440,440,438,436,218,0
1543711,Elizabethtown,"Game Set 168.1, 2025 College Womens Basketball",0,0,0,20,8,0,300.1372761511508,719,933,934,936,1078,932,63,0
1543753,Flagler,"Game Set 168.1, 2025 College Womens Basketball",0,0,0,11,17,0,300.00856738653454,720,580,581,574,1512,575,219,0
1544516,St John's MN,"Game Set 168.1, 2025 College Womens Basketball",0,0,0,0,0,0,300,-1,0,0,0,0,0,-1,0
1544426,SUNY Maritime,"Game Set 168.1, 2025 College Womens Basketball",0,0,0,0,0,0,300,-1,0,0,0,0,0,-1,0
1543984,Life,"Game Set 168.1, 2025 College Womens Basketball",0,0,0,17,12,0,299.87084906943835,721,1108,1537,1185,1106,924,77,0
1544189,Nelson TX,"Game Set 168.1, 2025 College Womens Basketball",0,0,0,22,10,0,299.86191313278886,722,1006,1066,1067,1059,1069,78,0
1543963,Lander,"Game Set 168.1, 2025 College Womens Basketball",0,0,0,9,19,0,299.7421022,723,576,1107,580,573,579,220,0
1544199,Newman,"Game Set 168.1, 2025 College Womens Basketball",0,0,0,8,20,0,299.73182842946755,724,411,403,405,406,416,221,0
1543638,Cortland St,"Game Set 168.1, 2025 College Womens Basketball",0,0,0,23,5,0,299.40158864360143,725,1084,757,756,1123,761,64,0
1544336,Post,"Game Set 168.1, 2025 College Womens Basketball",0,0,0,14,13,0,299.38269588685034,726,679,685,677,687,679,222,0
1544470,Siena Hts,"Game Set 168.1, 2025 College Womens Basketball",0,0,0,14,13,0,299.32832613003745,727,900,905,903,900,905,79,0
1543774,Frostburg St,"Game Set 168.1, 2025 College Womens Basketball",0,0,0,16,17,0,299.2414606426564,728,419,428,1249,418,421,223,0
1543873,IN Southeast,"Game Set 168.1, 2025 College Womens Basketball",0,0,0,17,13,0,299.22553687550896,729,1246,1252,1256,1254,1250,80,0
1544410,SC Aiken,"Game Set 168.1, 2025 College Womens Basketball",0,0,0,9,19,0,299.2011558702231,730,581,579,575,576,572,224,0
1544541,St Scholastica,"Game Set 168.1, 2025 College Womens Basketball",0,0,0,16,10,0,299.0770272,731,823,826,824,819,820,65,0
1544367,Reinhardt,"Game Set 168.1, 2025 College Womens Basketball",0,0,0,24,8,0,299.07585619845776,732,1299,1531,1301,1300,1476,81,0
1544545,St Vincent,"Game Set 168.1, 2025 College Womens Basketball",0,0,0,21,7,0,298.9618376730853,733,1172,1182,1176,1175,1181,66,0
1543473,Bryan,"Game Set 168.1, 2025 College Womens Basketball",0,0,0,21,8,0,298.91600123732655,734,929,1531,1293,1292,1291,82,0
1543735,FL Memorial,"Game Set 168.1, 2025 College Womens Basketball",0,0,0,15,10,0,298.8046998660205,735,1189,1186,1288,1183,1191,83,0
1544346,Puget Sound,"Game Set 168.1, 2025 College Womens Basketball",5.3541844549684155e-05,0,0,21,6,0,298.79672505530584,736,979,980,979,983,984,67,0
1543570,Chestnut Hill,"Game Set 168.1, 2025 College Womens Basketball",0,0,0,15,15,0,298.59453312654813,737,688,689,678,686,685,225,0
1544103,Midwest TX St,"Game Set 168.1, 2025 College Womens Basketball",0,0,0,9,17,0,298.3149308886208,738,483,794,475,486,477,226,0
1543412,Bellarmine,"Game Set 168.1, 2025 College Womens Basketball",4.759275071083036e-05,0,0,2,30,0,298.31489051825923,739,243,241,242,251,249,363,0
1543351,Amherst,"Game Set 168.1, 2025 College Womens Basketball",0,0,0,18,8,0,298.0013621698367,740,808,806,798,799,806,68,0
1543925,Keiser,"Game Set 168.1, 2025 College Womens Basketball",0,0,0,19,8,0,297.94260787963697,741,1189,1191,1190,1188,1189,84,0
1543625,Concordia MI,"Game Set 168.1, 2025 College Womens Basketball",0,0,0,0,0,0,297.94132929634105,-1,902,903,900,907,909,-1,0
1543953,Lake Erie,"Game Set 168.1, 2025 College Womens Basketball",0,0,0,5,21,0,297.8390886289301,742,614,608,609,922,613,227,0
1543366,Arizona Chr,"Game Set 168.1, 2025 College Womens Basketball",0,0,0,14,17,0,297.8362538357734,743,893,892,899,1168,892,85,0
1544109,Milwaukee Eng,"Game Set 168.1, 2025 College Womens Basketball",0,0,0,18,7,0,297.7890703523566,744,955,958,962,954,959,69,0
1543917,KS Wesleyan,"Game Set 168.1, 2025 College Womens Basketball",0,0,0,14,15,0,297.75236508077853,745,942,1051,1050,1047,1049,86,0
1544564,T Jefferson,"Game Set 168.1, 2025 College Womens Basketball",0,0,0,17,11,0,297.7027011682537,746,684,679,687,677,688,228,0
1543967,Lawrence,"Game Set 168.1, 2025 College Womens Basketball",0,0,0,21,6,0,297.56225088598967,747,882,888,888,889,881,70,0
1544121,Missouri Val,"Game Set 168.1, 2025 College Womens Basketball",0,0,0,16,12,0,297.28515027442177,748,951,940,943,951,1306,87,0
1543334,Albion,"Game Set 168.1, 2025 College Womens Basketball",0,0,0,19,8,0,297.1609262805187,749,811,816,814,811,816,71,0
1543568,Chatham,"Game Set 168.1, 2025 College Womens Basketball",0,0,0,18,9,0,297.1430866659682,750,1172,1179,1178,1180,1174,72,0
1543363,Aquinas,"Game Set 168.1, 2025 College Womens Basketball",0,0,0,19,11,0,297.13207490160335,751,909,1287,902,909,906,88,0
1543995,Livingstone,"Game Set 168.1, 2025 College Womens Basketball",0,0,0,9,20,0,297.12309968329595,752,663,660,654,659,655,229,0
1543660,DeSales,"Game Set 168.1, 2025 College Womens Basketball",0,0,0,19,9,0,297.0442652688703,753,857,1079,1083,1085,1087,73,0
1544349,Purdue Northwest,"Game Set 168.1, 2025 College Womens Basketball",0,0,0,3,25,0,296.97575087135493,754,634,635,1227,632,631,230,0
1544108,Millsaps,"Game Set 168.1, 2025 College Womens Basketball",0,0,0,21,8,0,296.91549501610064,755,823,829,869,834,868,74,0
1544672,Valley City St,"Game Set 168.1, 2025 College Womens Basketball",0,0,0,7,16,0,296.7528956082955,756,1009,1008,1560,1314,1007,89,0
1544499,St Ambrose,"Game Set 168.1, 2025 College Womens Basketball",0,0,0,13,15,0,296.61759061190344,757,1226,1228,1236,1224,1467,90,0
1543438,Bismarck St,"Game Set 168.1, 2025 College Womens Basketball",0,0,0,9,19,0,296.47290431803117,758,1317,1317,1316,1315,1313,91,0
1543321,Academy of Art,"Game Set 168.1, 2025 College Womens Basketball",0,0,0,0,1,0,296.4301054,-1,505,505,505,505,505,-1,0
1543584,Claremont M.S.,"Game Set 168.1, 2025 College Womens Basketball",2.379637535541518e-05,0,0,20,8,0,296.36725978900023,759,979,914,912,913,912,75,0
1544363,Redlands,"Game Set 168.1, 2025 College Womens Basketball",0,0,0,19,7,0,296.34264489849465,760,914,915,917,911,916,76,0
1544474,Simpson IA,"Game Set 168.1, 2025 College Womens Basketball",0,0,0,13,12,0,296.2846099203492,761,874,877,872,873,879,77,0
1543835,Hawaii Hilo,"Game Set 168.1, 2025 College Womens Basketball",0,0,0,7,21,0,296.23040187523225,762,503,507,509,502,894,231,0
1543805,Grace IN,"Game Set 168.1, 2025 College Womens Basketball",0,0,0,12,17,0,296.0143781046716,763,539,545,540,537,539,92,0
1544465,Shenandoah,"Game Set 168.1, 2025 College Womens Basketball",0,0,0,20,8,0,296.0113822605277,764,810,301,298,309,307,78,0
1544394,Rust,"Game Set 168.1, 2025 College Womens Basketball",0,0,0,19,12,0,295.7973134667957,765,921,1106,994,1150,1155,93,0
1544055,Marietta,"Game Set 168.1, 2025 College Womens Basketball",0,0,0,12,14,0,295.7721872488796,766,582,589,584,591,590,79,0
1544739,Webber,"Game Set 168.1, 2025 College Womens Basketball",0,0,0,15,15,0,295.58905953445645,767,1184,1186,1190,1187,1191,94,0
1544130,Montevallo,"Game Set 168.1, 2025 College Womens Basketball",0,0,0,5,23,0,295.5649147395544,768,644,648,640,641,646,232,0
1543464,Bridgewater VA,"Game Set 168.1, 2025 College Womens Basketball",0,0,0,20,7,0,295.56195888805934,769,297,1466,1466,301,309,80,0
1543696,E Texas Bap,"Game Set 168.1, 2025 College Womens Basketball",0,0,0,16,9,0,295.4727155795999,770,797,791,797,797,788,81,0
1544073,McMurry,"Game Set 168.1, 2025 College Womens Basketball",0,0,0,18,8,0,295.43357004499444,771,870,833,793,828,835,82,0
1544572,TX Lutheran,"Game Set 168.1, 2025 College Womens Basketball",0,0,0,19,8,0,295.3075949314894,772,836,796,795,831,832,83,0
1543768,Franklin,"Game Set 168.1, 2025 College Womens Basketball",0,0,0,21,8,0,295.20247988822473,773,1281,1279,1286,1282,1278,84,0
1543511,Cal Lutheran,"Game Set 168.1, 2025 College Womens Basketball",0,0,0,22,7,0,295.1936832676837,774,911,913,916,912,919,85,0
1544432,SW Baptist,"Game Set 168.1, 2025 College Womens Basketball",0,0,0,8,18,0,295.1876839271378,775,561,567,569,571,565,233,0
1544749,West Chester,"Game Set 168.1, 2025 College Womens Basketball",0,0,0,11,17,0,295.13136141977617,776,431,436,438,440,446,234,0
1543719,Emmanuel GA,"Game Set 168.1, 2025 College Womens Basketball",0,0,0,14,14,0,295.0553772299586,777,652,626,628,620,619,235,0
1543386,Augustana IL,"Game Set 168.1, 2025 College Womens Basketball",0,0,0,11,14,0,294.9430854623968,778,738,735,737,733,741,86,0
1544105,Millersville,"Game Set 168.1, 2025 College Womens Basketball",0,0,0,13,16,0,294.85651757470544,779,429,431,433,446,441,236,0
1543900,J&W RI,"Game Set 168.1, 2025 College Womens Basketball",0,0,0,23,5,0,294.8362377403017,780,776,846,137,846,850,87,0
1544551,Sterling,"Game Set 168.1, 2025 College Womens Basketball",0,0,0,20,14,0,294.7714177474729,781,608,540,1068,1529,1342,95,0
1543746,Ferrum,"Game Set 168.1, 2025 College Womens Basketball",0,0,0,10,21,0,294.7603473889956,782,625,617,624,577,622,88,0
1543356,Angelina,"Game Set 168.1, 2025 College Womens Basketball",0,0,0,0,0,0,294.7014309793682,-1,1501,1499,1489,1501,1499,-1,0
1544168,NC Pembroke,"Game Set 168.1, 2025 College Womens Basketball",0,0,0,11,18,0,294.65053798893916,783,305,621,627,652,624,237,0
1544617,Trinity TX,"Game Set 168.1, 2025 College Womens Basketball",0,0,0,16,11,0,294.55744422001226,784,871,864,834,864,868,89,0
1544752,West Liberty,"Game Set 168.1, 2025 College Womens Basketball",0,0,0,11,20,0,294.42616890811627,785,423,420,426,674,424,238,0
1543589,Clarke,"Game Set 168.1, 2025 College Womens Basketball",0,0,0,15,14,0,294.4221486840007,786,951,952,941,940,953,96,0
1543712,Elmhurst,"Game Set 168.1, 2025 College Womens Basketball",0,0,0,12,13,0,294.3644873045005,787,737,734,740,736,738,90,0
1544544,St Thomas TX,"Game Set 168.1, 2025 College Womens Basketball",0,0,0,18,7,0,294.23013589552676,788,830,792,795,793,833,91,0
1544317,Peru St,"Game Set 168.1, 2025 College Womens Basketball",0,0,0,15,13,0,294.15615252230253,789,950,945,944,948,949,97,0
1544239,Oakwood,"Game Set 168.1, 2025 College Womens Basketball",0,0,0,15,11,0,294.0816091305195,790,992,931,993,989,988,98,0
1543479,Buena Vista,"Game Set 168.1, 2025 College Womens Basketball",0,0,0,17,12,0,294.0531045867662,791,874,873,876,875,880,92,0
1544715,WV State,"Game Set 168.1, 2025 College Womens Basketball",0,0,0,12,16,0,294.00876328459265,792,417,419,424,428,421,239,0
1544124,Molloy,"Game Set 168.1, 2025 College Womens Basketball",0,0,0,13,18,0,293.84754870167694,793,672,667,671,667,672,240,0
1544574,TX Wesleyan,"Game Set 168.1, 2025 College Womens Basketball",0,0,0,13,16,0,293.84227293942917,794,1289,1059,1069,1059,1066,99,0
1543393,Avila,"Game Set 168.1, 2025 College Womens Basketball",0,0,0,14,15,0,293.83835172151845,795,1057,1052,1054,1056,1049,100,0
1543592,Cleary,"Game Set 168.1, 2025 College Womens Basketball",0,0,0,13,16,0,293.6294112142477,796,904,906,1287,904,907,101,0
1543404,Barry,"Game Set 168.1, 2025 College Womens Basketball",0,0,0,7,20,0,293.61168448366107,797,293,296,288,290,295,241,0
1543637,Cornerstone,"Game Set 168.1, 2025 College Womens Basketball",0,0,0,13,16,0,293.5354174323755,798,900,900,905,907,910,102,0
1543819,Hamilton,"Game Set 168.1, 2025 College Womens Basketball",0,0,0,12,13,0,293.5073135222426,799,808,799,798,800,806,93,0
1544242,Oglethorpe,"Game Set 168.1, 2025 College Womens Basketball",0,0,0,17,10,0,293.4965240969512,800,864,871,866,834,829,94,0
1543523,Cameron,"Game Set 168.1, 2025 College Womens Basketball",0,0,0,2,26,0,293.4762856431359,801,482,790,488,488,1461,242,0
1544576,Talladega,"Game Set 168.1, 2025 College Womens Basketball",0,0,0,19,11,0,293.34478164532396,802,992,991,990,990,1213,103,0
1544382,Rochester Tech,"Game Set 168.1, 2025 College Womens Basketball",0,0,0,20,7,0,293.33064768888147,803,1097,1094,1094,1098,1093,95,0
1544155,N Central IL,"Game Set 168.1, 2025 College Womens Basketball",0,0,0,14,12,0,293.3104209639977,804,733,737,735,1440,733,96,0
1543504,CS Stanislaus,"Game Set 168.1, 2025 College Womens Basketball",0,0,0,3,24,0,293.30077677207817,805,466,465,471,469,462,243,0
1543419,Benedictine AZ,"Game Set 168.1, 2025 College Womens Basketball",0,0,0,11,12,0,293.2323979901492,806,893,1167,892,891,893,104,0
1544762,Wheaton Il,"Game Set 168.1, 2025 College Womens Basketball",0,0,0,12,15,0,293.0640964,807,741,736,1440,738,734,97,0
1543598,Coastal GA,"Game Set 168.1, 2025 College Womens Basketball",0,0,0,17,13,0,292.9750709,808,1183,1186,1189,1190,1514,105,0
1544505,St Catherine,"Game Set 168.1, 2025 College Womens Basketball",0,0,0,11,14,0,292.90719992497094,809,823,1472,824,826,825,98,0
1543426,Bethany KS,"Game Set 168.1, 2025 College Womens Basketball",0,0,0,16,14,0,292.7900091139518,810,1056,1058,1048,942,1057,106,0
1543382,Auburn M'gomery,"Game Set 168.1, 2025 College Womens Basketball",0,0,0,3,26,0,292.7165510620716,811,648,644,641,640,649,244,0
1543413,Bellevue,"Game Set 168.1, 2025 College Womens Basketball",0,0,0,10,18,0,292.6346795267231,812,1314,1560,1011,1006,1009,107,0
1544553,Stevens,"Game Set 168.1, 2025 College Womens Basketball",0,0,0,20,7,0,292.57889701179664,813,1073,1077,1088,1083,1073,99,0
1543748,Finlandia,"Game Set 168.1, 2025 College Womens Basketball",0,0,0,0,0,0,292.57463265536006,-1,529,531,732,1467,889,-1,0
1544735,Wayland,"Game Set 168.1, 2025 College Womens Basketball",0,0,0,12,16,0,292.57195648523145,814,1066,1066,1062,1068,1063,108,0
1544662,Ursuline,"Game Set 168.1, 2025 College Womens Basketball",0,0,0,5,22,0,292.43702632533444,815,922,608,606,614,609,245,0
1544332,Pomona-Pitzer,"Game Set 168.1, 2025 College Womens Basketball",0,0,0,16,10,0,292.37663695315666,816,911,919,914,911,917,100,0
1544797,Xavier LA,"Game Set 168.1, 2025 College Womens Basketball",0,0,0,18,11,0,292.3209995465264,817,1147,1149,1154,1156,1147,109,0
1543364,Arcadia,"Game Set 168.1, 2025 College Womens Basketball",0,0,0,17,10,0,292.3080984650184,818,1079,1087,1088,1083,1073,101,0
1543831,Haskell,"Game Set 168.1, 2025 College Womens Basketball",0,0,0,15,18,0,292.2462369679253,819,539,1555,1206,1555,1557,110,0
1544688,Viterbo,"Game Set 168.1, 2025 College Womens Basketball",0,0,0,13,14,0,292.2096563739083,820,1226,1230,1225,1226,1232,111,0
1544477,Slippery Rock,"Game Set 168.1, 2025 College Womens Basketball",0,0,0,7,20,0,292.19831197420103,821,435,442,439,443,429,246,0
1544621,Tufts,"Game Set 168.1, 2025 College Womens Basketball",0,0,0,13,12,0,292.1034386591455,822,807,808,718,801,805,102,0
1544656,Union NY,"Game Set 168.1, 2025 College Womens Basketball",0,0,0,22,6,0,292.0170619325835,823,1473,1096,1092,1092,1095,103,0
1544245,Ohio Northern,"Game Set 168.1, 2025 College Womens Basketball",0,0,0,10,17,0,291.9789375829066,824,586,588,585,587,591,104,0
1544625,Tuskegee,"Game Set 168.1, 2025 College Womens Basketball",0,0,0,13,15,0,291.4345243365096,825,700,698,702,695,699,247,0
1544776,Williams,"Game Set 168.1, 2025 College Womens Basketball",0,0,0,13,13,0,291.3666153711634,826,807,804,805,801,807,105,0
1544321,Pikeville,"Game Set 168.1, 2025 College Womens Basketball",0,0,0,16,14,0,291.3490935218805,827,1299,1297,1293,1291,1531,112,0
1544150,Mt Vernon Naz,"Game Set 168.1, 2025 College Womens Basketball",0,0,0,8,20,0,291.2971149014533,828,543,545,540,537,536,113,0
1543795,Georgian Court,"Game Set 168.1, 2025 College Womens Basketball",0,0,0,11,19,0,291.2320837608578,829,689,680,682,677,684,248,0
1543530,Capital,"Game Set 168.1, 2025 College Womens Basketball",0,0,0,16,10,0,291.20166931067376,830,589,584,582,587,586,106,0
1544789,Wm Paterson,"Game Set 168.1, 2025 College Womens Basketball",0,0,0,24,3,0,291.10774026614297,831,586,1001,997,1003,1005,107,0
1543551,Cent Methodist,"Game Set 168.1, 2025 College Womens Basketball",0,0,0,15,14,0,291.02293123345606,832,944,941,1306,950,951,114,0
1543816,Guilford,"Game Set 168.1, 2025 College Womens Basketball",0,0,0,18,8,0,290.99616687317547,833,308,301,304,297,302,108,0
1544355,RI College,"Game Set 168.1, 2025 College Womens Basketball",0,0,0,21,6,0,290.9921268985426,834,776,771,771,772,773,109,0
1544263,Ottawa KS,"Game Set 168.1, 2025 College Womens Basketball",0,0,0,14,14,0,290.75205288659225,835,1048,1056,1049,1046,1058,115,0
1544225,Northwestern OH,"Game Set 168.1, 2025 College Womens Basketball",0,0,0,16,11,0,290.75104671852324,836,903,910,903,902,1513,116,0
1544186,Nazareth,"Game Set 168.1, 2025 College Womens Basketball",0,0,0,22,5,0,290.63627380473713,837,758,1039,1038,1043,1042,110,0
1544524,St Leo,"Game Set 168.1, 2025 College Womens Basketball",0,0,0,7,19,0,290.62887012868003,838,287,292,286,293,289,249,0
1543359,Antelope Val,"Game Set 168.1, 2025 College Womens Basketball",0,0,0,0,0,0,290.6274963657856,-1,312,1167,1169,1167,1168,-1,0
1543908,John Brown,"Game Set 168.1, 2025 College Womens Basketball",0,0,0,12,16,0,290.55550376985497,839,1535,1063,1068,1059,1069,117,0
1543850,Holy Cross IN,"Game Set 168.1, 2025 College Womens Basketball",0,0,0,12,14,0,290.5410413846197,840,1224,1320,1224,1229,1467,118,0
1544769,Widener,"Game Set 168.1, 2025 College Womens Basketball",0,0,0,21,6,0,290.5079617603033,841,1084,1071,1080,1076,1071,111,0
1544550,Stephens,"Game Set 168.1, 2025 College Womens Basketball",0,0,0,15,17,0,290.4072668265764,842,1308,1305,1305,1304,1305,119,0
1544365,Regis CO,"Game Set 168.1, 2025 College Womens Basketball",0,0,0,2,22,0,290.35235861913634,843,453,449,451,458,447,250,0
1544549,Staten Island,"Game Set 168.1, 2025 College Womens Basketball",0,0,0,12,18,0,290.1690920181615,844,666,673,668,670,669,251,0
1543891,Indiana-East,"Game Set 168.1, 2025 College Womens Basketball",0,0,0,11,18,0,290.14677715847716,845,1251,1246,1248,923,1257,120,0
1544319,Philander Smith,"Game Set 168.1, 2025 College Womens Basketball",0,0,0,16,9,0,290.00258164700824,846,1106,995,1106,991,992,121,0
1543368,Ark Baptist,"Game Set 168.1, 2025 College Womens Basketball",0,0,0,14,9,0,289.9833916085001,847,988,1557,991,1103,1557,122,0
1544230,Notre Dame OH,"Game Set 168.1, 2025 College Womens Basketball",0,0,0,0,0,0,289.90197015631907,-1,424,421,424,421,424,-1,0
1543884,Immaculata,"Game Set 168.1, 2025 College Womens Basketball",0,0,0,24,4,0,289.7380448019877,848,757,1132,1133,534,1128,112,0
1543671,Dickinson,"Game Set 168.1, 2025 College Womens Basketball",0,0,0,14,12,0,289.70072877995494,849,750,752,747,745,751,113,0
1543846,Hocking,"Game Set 168.1, 2025 College Womens Basketball",0,0,0,1,0,0,289.6920656919873,-1,1255,1255,1255,1255,1255,-1,0
1543972,Lebanon Val,"Game Set 168.1, 2025 College Womens Basketball",0,0,0,18,8,0,289.67767528607567,850,1073,1086,1079,1077,1088,114,0
1543901,JC Smith,"Game Set 168.1, 2025 College Womens Basketball",0,0,0,7,19,0,289.64448620437236,851,653,655,654,656,659,252,0
1544771,Wiley,"Game Set 168.1, 2025 College Womens Basketball",0,0,0,13,9,0,289.6442877407377,852,1106,1103,1150,1155,990,123,0
1543344,Alma,"Game Set 168.1, 2025 College Womens Basketball",0,0,0,11,15,0,289.56788254881246,853,809,816,809,1486,813,115,0
1544463,Shaw NC,"Game Set 168.1, 2025 College Womens Basketball",0,0,0,8,18,0,289.56469759458025,854,675,656,661,654,662,253,0
1544611,Trinity CT,"Game Set 168.1, 2025 College Womens Basketball",0,0,0,16,9,0,289.5490398271567,855,798,807,802,808,800,116,0
1544434,SW Christian,"Game Set 168.1, 2025 College Womens Basketball",0,0,0,12,18,0,289.5437419377658,856,730,1054,1529,1289,1067,124,0
1543609,College of NJ,"Game Set 168.1, 2025 College Womens Basketball",0,0,0,17,11,0,289.53456157909216,857,583,1004,1005,998,1000,117,0
1544063,Mary Washington,"Game Set 168.1, 2025 College Womens Basketball",0.000190371,0,0,11,16,0,289.50964421443894,858,529,532,529,752,531,118,0
1544297,Pace,"Game Set 168.1, 2025 College Womens Basketball",0,0,0,7,21,0,289.4908738709941,859,600,595,592,602,601,254,0
1544032,MO Baptist,"Game Set 168.1, 2025 College Womens Basketball",0,0,0,13,15,0,289.4086758686755,860,947,953,945,946,949,125,0
1543648,D'Youville,"Game Set 168.1, 2025 College Womens Basketball",0,0,0,10,15,0,289.1539823794086,861,671,669,666,672,665,255,0
1544154,Muskingum,"Game Set 168.1, 2025 College Womens Basketball",0,0,0,13,12,0,289.1173776,862,587,590,589,585,582,119,0
1543560,Centre,"Game Set 168.1, 2025 College Womens Basketball",0,0,0,19,7,0,289.0710031962486,863,871,865,866,871,868,120,0
1543428,Bethany WV,"Game Set 168.1, 2025 College Womens Basketball",0,0,0,17,10,0,288.9120172715522,864,1178,1173,1181,1172,1176,121,0
1544785,Wittenberg,"Game Set 168.1, 2025 College Womens Basketball",0,0,0,10,15,0,288.7260159427598,865,858,583,859,861,858,122,0
1543945,LSU-Alexandria,"Game Set 168.1, 2025 College Womens Basketball",0,0,0,14,15,0,288.5222561954167,866,1146,1153,1064,1152,1532,126,0
1543931,Kentucky St,"Game Set 168.1, 2025 College Womens Basketball",0,0,0,9,20,0,288.4910181732466,867,699,700,694,704,696,256,0
1543507,CT College,"Game Set 168.1, 2025 College Womens Basketball",0,0,0,14,11,0,288.26232981845556,868,805,808,1272,805,801,123,0
1543786,George Fox,"Game Set 168.1, 2025 College Womens Basketball",0.000184422,0,0,15,12,0,288.2340235,869,979,983,983,984,980,124,0
1543425,Berry,"Game Set 168.1, 2025 College Womens Basketball",0,0,0,16,12,0,288.19504355910453,870,829,868,866,871,829,125,0
1543515,Cal Tribal,"Game Set 168.1, 2025 College Womens Basketball",0,0,0,0,0,0,288.18371645344763,-1,1205,1205,1205,1205,1205,-1,0
1544015,M Hardin-Baylor,"Game Set 168.1, 2025 College Womens Basketball",0,0,0,8,18,0,287.9451974868593,871,791,797,791,789,797,126,0
1544555,Stillman,"Game Set 168.1, 2025 College Womens Basketball",0,0,0,12,13,0,287.9041429762066,872,991,989,992,1150,1203,127,0
1543353,Anderson IN,"Game Set 168.1, 2025 College Womens Basketball",0,0,0,17,11,0,287.8651231359786,873,1283,1280,1286,1033,1278,127,0
1543587,Clark MA,"Game Set 168.1, 2025 College Womens Basketball",0,0,0,19,9,0,287.81901497985336,874,1473,838,837,837,839,128,0
1543672,Dickinson St ND,"Game Set 168.1, 2025 College Womens Basketball",0,0,0,7,22,0,287.7893134,875,1316,1317,1313,1315,1011,128,0
1544270,PR Bayamon,"Game Set 168.1, 2025 College Womens Basketball",0,0,0,0,6,0,287.7488839610612,876,385,478,688,296,294,257,0
1544388,Rollins,"Game Set 168.1, 2025 College Womens Basketball",0,0,0,7,20,0,287.6887733,877,286,291,289,292,287,258,0
1544331,Point Park,"Game Set 168.1, 2025 College Womens Basketball",0,0,0,8,20,0,287.6886880831009,878,427,674,426,427,418,259,0
1543720,Emmanuel MA,"Game Set 168.1, 2025 College Womens Basketball",0,0,0,22,8,0,287.5117627558556,879,807,721,726,1159,728,129,0
1543389,Austin Col,"Game Set 168.1, 2025 College Womens Basketball",0,0,0,16,12,0,287.49729177652705,880,791,870,833,796,870,130,0
1543823,Hanover,"Game Set 168.1, 2025 College Womens Basketball",0,0,0,13,13,0,287.4803467,881,1281,1281,1283,1279,1282,131,0
1543988,Lincoln MO,"Game Set 168.1, 2025 College Womens Basketball",0,0,0,5,23,0,287.4749398556959,882,569,565,564,566,568,260,0
1544145,Mt St Joseph,"Game Set 168.1, 2025 College Womens Basketball",0,0,0,14,13,0,287.4515606180135,883,1281,1033,1033,1281,1280,132,0
1544444,Salisbury,"Game Set 168.1, 2025 College Womens Basketball",0,0,0,17,11,0,287.41555214357265,884,529,1393,1347,1347,530,133,0
1543779,GA Gwinnett,"Game Set 168.1, 2025 College Womens Basketball",0,0,0,20,7,0,287.37700946898985,885,1207,1202,1300,1207,1210,129,0
1544262,Ottawa AZ,"Game Set 168.1, 2025 College Womens Basketball",0,0,0,13,12,0,287.2177717710179,886,893,1167,1536,1166,1335,130,0
1544235,OK Wesleyan,"Game Set 168.1, 2025 College Womens Basketball",0,0,0,11,18,0,287.10056052576294,887,1053,942,1052,1051,1054,131,0
1544308,Paul Quinn,"Game Set 168.1, 2025 College Womens Basketball",0,0,0,16,11,0,287.0543937149264,888,1211,1484,992,991,1211,132,0
1544675,Vancouver Island,"Game Set 168.1, 2025 College Womens Basketball",0,0,0,0,0,0,287.01522884238653,-1,1447,1447,1385,1385,1445,-1,0
1544498,Springfield,"Game Set 168.1, 2025 College Womens Basketball",0,0,0,16,11,0,287.0124779361094,889,1473,843,839,843,1469,134,0
1543397,Babson,"Game Set 168.1, 2025 College Womens Basketball",0,0,0,18,9,0,286.89728502134045,890,840,844,841,1473,840,135,0
1543564,Chapman,"Game Set 168.1, 2025 College Womens Basketball",4.759275071083036e-05,0,0,16,12,0,286.7443368209839,891,913,918,916,919,532,136,0
1544081,Merchant Marine,"Game Set 168.1, 2025 College Womens Basketball",0,0,0,23,5,0,286.7212670422944,892,808,1136,1141,1140,1136,137,0
1543674,Dist Columbia,"Game Set 168.1, 2025 College Womens Basketball",0,0,0,11,18,0,286.6676141166232,893,668,670,668,669,671,261,0
1544624,Tusculum,"Game Set 168.1, 2025 College Womens Basketball",0,0,0,2,27,0,286.66324117185854,894,556,557,553,552,548,262,0
1544206,North American,"Game Set 168.1, 2025 College Womens Basketball",0,0,0,17,10,0,286.5944861813955,895,1150,1433,1156,1154,1150,133,0
1544144,Mt Olive,"Game Set 168.1, 2025 College Womens Basketball",0,0,0,8,19,0,286.5115425666065,896,577,305,577,626,617,263,0
1543391,Ave Maria,"Game Set 168.1, 2025 College Womens Basketball",0,0,0,9,18,0,286.3271854162755,897,1184,1183,1186,1190,1191,134,0
1543951,LaGrange,"Game Set 168.1, 2025 College Womens Basketball",0,0,0,20,10,0,286.3245837792733,898,765,1032,1031,730,1462,138,0
1543606,Colby,"Game Set 168.1, 2025 College Womens Basketball",0,0,0,13,11,0,286.1841647982717,899,803,804,799,798,1259,139,0
1543861,Howard Payne,"Game Set 168.1, 2025 College Womens Basketball",0,0,0,14,15,0,286.1180688999583,900,791,789,788,789,789,140,0
1544058,Mars Hill,"Game Set 168.1, 2025 College Womens Basketball",0,0,0,5,25,0,286.0768059781687,901,550,551,547,546,553,264,0
1544408,S Virginia,"Game Set 168.1, 2025 College Womens Basketball",0,0,0,21,8,0,286.06163095411716,902,859,1019,1013,1020,1017,141,0
1543767,Frank & Marsh,"Game Set 168.1, 2025 College Womens Basketball",0,0,0,14,11,0,286.0052764775344,903,749,752,744,1464,531,142,0
1543420,Benedictine IL,"Game Set 168.1, 2025 College Womens Basketball",0,0,0,17,9,0,285.9977002837934,904,963,955,962,964,966,143,0
1543801,Goshen,"Game Set 168.1, 2025 College Womens Basketball",0,0,0,4,24,0,285.93614718581506,905,536,542,544,538,541,135,0
1543427,Bethany Luth,"Game Set 168.1, 2025 College Womens Basketball",0,0,0,15,11,0,285.90381279215643,906,1025,1025,1026,1022,1023,144,0
1544281,PSU-Behrend,"Game Set 168.1, 2025 College Womens Basketball",0,0,0,22,6,0,285.83767313366906,907,811,1111,1116,1117,1110,145,0
1543784,Geneseo St,"Game Set 168.1, 2025 College Womens Basketball",0,0,0,20,11,0,285.76834284333046,908,781,1044,1037,1045,754,146,0
1544661,Ursinus,"Game Set 168.1, 2025 College Womens Basketball",0,0,0,16,11,0,285.55212048561054,909,745,751,751,744,742,147,0
1543716,Embry-Riddle AZ,"Game Set 168.1, 2025 College Womens Basketball",0,0,0,7,18,0,285.4044474664123,910,1166,891,893,1168,899,136,0
1544012,Lynchburg,"Game Set 168.1, 2025 College Womens Basketball",0,0,0,13,12,0,285.35249880190304,911,307,300,304,1466,301,148,0
1543337,Ald-Broaddus,"Game Set 168.1, 2025 College Womens Basketball",0,0,0,0,0,0,285.2936526404342,-1,422,426,419,420,418,-1,0
1543467,Brooklyn Col,"Game Set 168.1, 2025 College Womens Basketball",0,0,0,24,5,0,285.24910449485543,912,750,771,1196,1197,1196,149,0
1544497,Spring Hill,"Game Set 168.1, 2025 College Womens Basketball",0,0,0,8,20,0,284.88971327516197,913,705,705,691,690,699,265,0
1544668,VA Wesleyan,"Game Set 168.1, 2025 College Womens Basketball",0,0,0,14,12,0,284.8887045,914,297,304,297,307,298,150,0
1544027,MIT,"Game Set 168.1, 2025 College Womens Basketball",0,0,0,14,12,0,284.84352056946904,915,842,1473,842,844,841,151,0
1543324,Adrian,"Game Set 168.1, 2025 College Womens Basketball",0,0,0,9,18,0,284.8433030787904,916,813,812,791,816,810,152,0
1544716,WV Tech,"Game Set 168.1, 2025 College Womens Basketball",0,0,0,16,11,0,284.6635344054659,917,1254,1250,1252,1254,1246,137,0
1544532,St Mary's MD,"Game Set 168.1, 2025 College Womens Basketball",0,0,0,23,7,0,284.6426104630154,918,301,1120,1465,1119,1417,153,0
1544240,Oberlin,"Game Set 168.1, 2025 College Womens Basketball",0,0,0,8,17,0,284.43709172826277,919,583,863,583,860,859,154,0
1543508,Cabrini,"Game Set 168.1, 2025 College Womens Basketball",0,0,0,0,0,0,284.4177890411033,-1,1128,1129,1132,1129,1127,-1,0
1544107,Millikin,"Game Set 168.1, 2025 College Womens Basketball",0,0,0,9,16,0,284.33862919181746,920,733,734,741,736,737,155,0
1543459,Brevard,"Game Set 168.1, 2025 College Womens Basketball",0,0,0,23,7,0,284.30814906472574,921,1016,1014,1470,1013,1017,156,0
1543561,Chadron St,"Game Set 168.1, 2025 College Womens Basketball",0,0,0,1,26,0,284.3037673467474,922,452,460,459,448,449,266,0
1543815,Grove City,"Game Set 168.1, 2025 College Womens Basketball",0,0,0,17,9,0,284.29687537723777,923,1175,1177,1176,1180,1173,157,0
1543839,Hendrix,"Game Set 168.1, 2025 College Womens Basketball",0,0,0,17,12,0,284.25871617981835,924,836,832,795,835,836,158,0
1543876,IU Kokomo,"Game Set 168.1, 2025 College Womens Basketball",0,0,0,11,14,0,284.2449833261707,925,923,1254,1556,1246,1257,138,0
1544712,WI Superior,"Game Set 168.1, 2025 College Womens Basketball",0,0,0,12,16,0,284.24430978336204,926,826,1025,1026,1026,1024,159,0
1544793,Worcester Tech,"Game Set 168.1, 2025 College Womens Basketball",0,0,0,15,11,0,284.1931022,927,840,840,1469,1473,844,160,0
1544694,W New England,"Game Set 168.1, 2025 College Womens Basketball",0,0,0,20,8,0,284.1859859536511,928,719,847,850,719,845,161,0
1544635,UC Santa Cruz,"Game Set 168.1, 2025 College Womens Basketball",0.000380742,0,0,12,13,0,284.0944679559875,929,530,1164,915,1165,1165,162,0
1544031,MN Morris,"Game Set 168.1, 2025 College Womens Basketball",0,0,0,12,15,0,284.07818768640266,930,1022,1022,1021,1028,1025,163,0
1544100,Middlebury,"Game Set 168.1, 2025 College Womens Basketball",0,0,0,12,12,0,283.9489327253531,931,801,805,802,807,808,164,0
1543423,Berea,"Game Set 168.1, 2025 College Womens Basketball",0,0,0,13,13,0,283.8236751150976,932,1284,1284,1279,1285,1283,165,0
1543557,Central IA,"Game Set 168.1, 2025 College Womens Basketball",0,0,0,12,14,0,283.6532441508972,933,879,880,874,877,878,166,0
1544241,Occidental,"Game Set 168.1, 2025 College Womens Basketball",0,0,0,12,14,0,283.4978609708153,934,914,915,913,911,919,167,0
1544112,Misericordia,"Game Set 168.1, 2025 College Womens Basketball",0,0,0,13,12,0,283.4519091424328,935,1073,1086,1088,1087,1079,168,0
1544010,Luther IA,"Game Set 168.1, 2025 College Womens Basketball",0,0,0,12,14,0,283.3784686118688,936,877,873,872,879,876,169,0
1544723,Warner,"Game Set 168.1, 2025 College Womens Basketball",0,0,0,9,18,0,283.3401394,937,1189,1514,1184,1183,1186,139,0
1543673,Dillard,"Game Set 168.1, 2025 College Womens Basketball",0,0,0,9,18,0,283.143913,938,1103,1099,995,994,993,140,0
1543462,Bridgeport,"Game Set 168.1, 2025 College Womens Basketball",0,0,0,10,16,0,283.01631819939774,939,688,687,689,684,677,267,0
1544377,Roanoke,"Game Set 168.1, 2025 College Womens Basketball",0,0,0,12,14,0,282.7135701070276,940,301,297,306,308,304,170,0
1544437,SW Univ TX,"Game Set 168.1, 2025 College Womens Basketball",0,0,0,13,13,0,282.6483138,941,871,829,868,864,866,171,0
1543466,Brockport St,"Game Set 168.1, 2025 College Womens Basketball",0,0,0,18,8,0,282.62637806491153,942,1043,758,1036,1541,1038,172,0
1543678,Dominican NY,"Game Set 168.1, 2025 College Womens Basketball",0,0,0,7,21,0,282.61883754169475,943,682,680,685,686,678,268,0
1544791,Wooster,"Game Set 168.1, 2025 College Womens Basketball",0,0,0,10,14,0,282.6065022254267,944,858,863,857,583,859,173,0
1543939,Knox,"Game Set 168.1, 2025 College Womens Basketball",0,0,0,13,13,0,282.60505559136607,945,886,886,887,882,885,174,0
1544305,Park,"Game Set 168.1, 2025 College Womens Basketball",0,0,0,9,19,0,282.57554313959224,946,1306,947,943,950,948,141,0
1544766,Whittier,"Game Set 168.1, 2025 College Womens Basketball",0,0,0,11,13,0,282.53415709398104,947,913,918,912,911,915,175,0
1544595,Thomas Aquinas,"Game Set 168.1, 2025 College Womens Basketball",0,0,0,8,20,0,282.51764522378954,948,672,670,668,666,673,269,0
1544234,OK City,"Game Set 168.1, 2025 College Womens Basketball",0,0,0,10,18,0,282.4398523350199,949,1067,1289,1070,1060,1065,142,0
1543999,Loras,"Game Set 168.1, 2025 College Womens Basketball",0,0,0,9,16,0,282.3998200986109,950,879,875,880,874,873,176,0
1543576,Chr Brothers,"Game Set 168.1, 2025 College Womens Basketball",0,0,0,3,25,0,282.2943490638407,951,616,643,648,644,641,270,0
1544384,Rockhurst,"Game Set 168.1, 2025 College Womens Basketball",0,0,0,7,19,0,282.24230654600973,952,563,561,408,569,571,271,0
1543848,Hollins,"Game Set 168.1, 2025 College Womens Basketball",0,0,0,16,10,0,282.18550197470836,953,303,303,309,301,306,177,0
1544658,Univ Ozarks,"Game Set 168.1, 2025 College Womens Basketball",0,0,0,13,14,0,281.96267958102794,954,833,836,835,830,792,178,0
1543750,Fisk,"Game Set 168.1, 2025 College Womens Basketball",0,0,0,8,20,0,281.6880591057743,955,995,992,931,994,1363,143,0
1544738,Waynesburg,"Game Set 168.1, 2025 College Womens Basketball",0,0,0,12,13,0,281.6528711026719,956,1172,1175,1179,1182,862,179,0
1544351,Queens NY,"Game Set 168.1, 2025 College Womens Basketball",0,0,0,7,21,0,281.44090303494715,957,667,671,665,672,669,272,0
1543411,Belhaven MS,"Game Set 168.1, 2025 College Womens Basketball",0,0,0,19,7,0,281.4138598,958,1030,730,1475,1034,1035,180,0
1544306,Park-Gilbert,"Game Set 168.1, 2025 College Womens Basketball",0,0,0,9,17,0,281.2142587447976,959,892,893,899,1168,890,144,0
1544211,North Greenville,"Game Set 168.1, 2025 College Womens Basketball",0,0,0,9,20,0,281.1320086241571,960,626,617,622,577,577,273,0
1544645,UNT Dallas,"Game Set 168.1, 2025 College Womens Basketball",0,0,0,11,17,0,281.1174841742854,961,1148,1151,1149,1156,1154,145,0
1543559,Central St OH,"Game Set 168.1, 2025 College Womens Basketball",0,0,0,6,23,0,280.6888459645498,962,663,691,696,697,694,274,0
1543378,Asbury,"Game Set 168.1, 2025 College Womens Basketball",0,0,0,15,15,0,280.6023865666856,963,1044,1068,1253,1032,1035,181,0
1544455,Savannah St,"Game Set 168.1, 2025 College Womens Basketball",0,0,0,7,18,0,280.5160509005308,964,696,690,692,705,702,275,0
1544559,Sul Ross,"Game Set 168.1, 2025 College Womens Basketball",0,0,0,3,23,0,280.3380886992739,965,476,484,790,478,482,276,0
1544368,Rensselaer,"Game Set 168.1, 2025 College Womens Basketball",0,0,0,17,10,0,280.3075288186057,966,1094,1095,1092,1089,1096,182,0
1544476,Skidmore,"Game Set 168.1, 2025 College Womens Basketball",0,0,0,12,15,0,280.29845156763287,967,1096,1090,1096,1089,1092,183,0
1543341,Allegheny,"Game Set 168.1, 2025 College Womens Basketball",0,0,0,13,13,0,280.18893348572266,968,1182,862,1177,1181,1179,184,0
1543682,Drew,"Game Set 168.1, 2025 College Womens Basketball",0,0,0,13,13,0,280.01269560710335,969,937,934,938,932,1081,185,0
1544596,Thomas GA,"Game Set 168.1, 2025 College Womens Basketball",0,0,0,13,18,0,279.9799348851947,970,1537,1101,1109,1296,1100,146,0
1543887,Indiana NW,"Game Set 168.1, 2025 College Womens Basketball",0,0,0,8,19,0,279.5380172941985,971,1236,1226,1230,1225,1228,147,0
1544732,Washington MD,"Game Set 168.1, 2025 College Womens Basketball",0,0,0,13,13,0,279.3777060189289,972,746,746,748,744,742,186,0
1544390,Rose-Hulman,"Game Set 168.1, 2025 College Womens Basketball",0,0,0,9,17,0,279.1635067640514,973,1279,1285,1286,1284,1279,187,0
1543763,Fort Valley St,"Game Set 168.1, 2025 College Womens Basketball",0,0,0,6,21,0,279.1491027,974,692,694,696,700,704,277,0
1543442,Bloomfield,"Game Set 168.1, 2025 College Womens Basketball",0,0,0,16,6,0,279.13087532341893,975,1433,1324,1409,1414,1412,278,0
1544320,Piedmont,"Game Set 168.1, 2025 College Womens Basketball",0,0,0,14,13,0,279.10084370146865,976,1030,1029,1029,1475,1032,188,0
1543857,Houghton,"Game Set 168.1, 2025 College Womens Basketball",0,0,0,24,8,0,279.0884353910863,977,730,703,608,758,1043,189,0
1543447,Bluffton,"Game Set 168.1, 2025 College Womens Basketball",0,0,0,11,15,0,279.02170800803987,978,1283,1279,1280,1282,1281,190,0
1544770,Wilberforce,"Game Set 168.1, 2025 College Womens Basketball",0,0,0,7,14,0,278.98361225147494,979,994,988,1363,993,1333,148,0
1544266,Our Lady Lake,"Game Set 168.1, 2025 College Womens Basketball",0,0,0,9,21,0,278.97065353308403,980,1147,1147,1148,1149,1151,149,0
1543482,Bushnell,"Game Set 168.1, 2025 College Womens Basketball",8.460933459703175e-05,0,0,7,22,0,278.96441010559687,981,316,320,310,313,314,150,0
1544523,St Lawrence,"Game Set 168.1, 2025 College Womens Basketball",0,0,0,17,10,0,278.8049009581233,982,1097,1093,1097,1090,1094,191,0
1543769,Franklin Pierce,"Game Set 168.1, 2025 College Womens Basketball",0,0,0,2,25,0,278.7895902,983,598,600,595,593,602,279,0
1544123,Mobile,"Game Set 168.1, 2025 College Womens Basketball",0,0,0,10,20,0,278.7709015881439,984,1100,1109,1099,1108,1100,151,0
1543460,Brewton-Parker,"Game Set 168.1, 2025 College Womens Basketball",0,0,0,6,23,0,278.7085997417777,985,1102,1296,1185,1537,1102,152,0
1543725,Endicott,"Game Set 168.1, 2025 College Womens Basketball",0,0,0,17,9,0,278.63598052703225,986,846,850,848,137,854,192,0
1544569,TN Wesleyan,"Game Set 168.1, 2025 College Womens Basketball",0,0,0,11,16,0,278.49168419733803,987,925,1299,1477,1298,1293,153,0
1544802,York PA,"Game Set 168.1, 2025 College Womens Basketball",0,0,0,10,16,0,278.44504224479925,988,1084,1082,1072,1074,1080,193,0
1544342,Principia,"Game Set 168.1, 2025 College Womens Basketball",0,0,0,18,9,0,278.41626101185653,989,1216,1223,1221,1218,1220,194,0
1544604,Tougaloo,"Game Set 168.1, 2025 College Womens Basketball",0,0,0,9,15,0,278.4121746050314,990,931,1203,1106,994,1106,154,0
1544422,SUNY Canton,"Game Set 168.1, 2025 College Womens Basketball",0,0,0,19,7,0,278.1977850246854,991,756,761,762,1123,755,195,0
1543946,LSU-Eunice,"Game Set 168.1, 2025 College Womens Basketball",0,0,0,0,0,0,278.16999998206984,-1,1500,1503,1500,1503,1500,-1,0
1543562,Chaminade,"Game Set 168.1, 2025 College Womens Basketball",0,0,0,0,26,0,278.1504835,992,894,508,896,506,503,280,0
1543632,Converse,"Game Set 168.1, 2025 College Womens Basketball",0,0,0,4,25,0,278.0699484260666,993,577,621,625,652,629,281,0
1543636,Cornell IA,"Game Set 168.1, 2025 College Womens Basketball",0,0,0,15,10,0,278.0134455801027,994,882,887,881,889,882,196,0
1543718,Emerson,"Game Set 168.1, 2025 College Womens Basketball",0,0,0,14,12,0,277.98681962360536,995,1473,842,840,1468,1473,197,0
1544409,S Wesleyan,"Game Set 168.1, 2025 College Womens Basketball",0,0,0,6,24,0,277.98521392770886,996,618,622,619,626,617,282,0
1544695,W New Mexico,"Game Set 168.1, 2025 College Womens Basketball",0,0,0,1,27,0,277.8525332,997,484,476,482,478,794,283,0
1544129,Montclair St,"Game Set 168.1, 2025 College Womens Basketball",0,0,0,15,11,0,277.8191368665466,998,997,1001,999,1000,997,198,0
1544047,Manchester,"Game Set 168.1, 2025 College Womens Basketball",0,0,0,10,15,0,277.7551270213484,999,1283,1285,1286,1278,1279,199,0
1543680,Douglas,"Game Set 168.1, 2025 College Womens Basketball",0,0,0,0,0,0,277.70569165463917,-1,1445,1445,1497,1497,1447,-1,0
1544133,Moravian,"Game Set 168.1, 2025 College Womens Basketball",0,0,0,11,15,0,277.6260249269215,1000,932,935,936,1078,939,200,0
1544741,Webster,"Game Set 168.1, 2025 College Womens Basketball",0,0,0,19,9,0,277.6237012360193,1001,763,1217,1221,1220,1310,201,0
1544143,Mt Mercy,"Game Set 168.1, 2025 College Womens Basketball",0,0,0,11,16,0,277.60362349969495,1002,1307,948,947,946,945,155,0
1543710,Eliz. City St,"Game Set 168.1, 2025 College Womens Basketball",0,0,0,5,23,0,277.4924676961068,1003,661,675,658,657,663,284,0
1543630,Concordia WI,"Game Set 168.1, 2025 College Womens Basketball",0,0,0,9,16,0,277.47582492571456,1004,954,957,965,960,954,202,0
1543828,Hartford,"Game Set 168.1, 2025 College Womens Basketball",0,0,0,15,12,0,277.4713073666189,1005,719,854,854,847,853,203,0
1544314,Pensacola Chr,"Game Set 168.1, 2025 College Womens Basketball",0,0,0,7,5,0,277.4009059199221,-1,1025,1024,1476,533,1034,-1,0
1544113,Mission,"Game Set 168.1, 2025 College Womens Basketball",0,0,0,15,18,0,277.34892690427966,1006,1054,1068,1304,1539,1208,156,0
1544220,Northwest WA,"Game Set 168.1, 2025 College Womens Basketball",4.494870900467312e-05,0,0,10,21,0,277.27702965505006,1007,311,315,321,316,320,157,0
1543899,J&W NC,"Game Set 168.1, 2025 College Womens Basketball",0,0,0,16,8,0,277.2716006856102,1008,531,533,1435,731,1347,204,0
1543882,Illinois Col,"Game Set 168.1, 2025 College Womens Basketball",0,0,0,12,13,0,277.10509906449346,1009,885,883,886,887,884,205,0
1543596,Coast Guard,"Game Set 168.1, 2025 College Womens Basketball",0,0,0,13,13,0,277.0780392,1010,838,1468,841,843,837,206,0
1544554,Stevenson,"Game Set 168.1, 2025 College Womens Basketball",0,0,0,10,16,0,276.93654157369406,1011,1072,1082,1084,1076,1074,207,0
1544067,Maryville TN,"Game Set 168.1, 2025 College Womens Basketball",0,0,0,14,12,0,276.9290422381528,1012,1031,1031,730,1475,1035,208,0
1543463,Bridgewater MA,"Game Set 168.1, 2025 College Womens Basketball",0,0,0,16,12,0,276.91329073326074,1013,1277,725,1271,1277,1273,209,0
1544746,Wesleyan CT,"Game Set 168.1, 2025 College Womens Basketball",0,0,0,7,15,0,276.84470639272115,1014,802,807,808,806,800,210,0
1544392,Rowan,"Game Set 168.1, 2025 College Womens Basketball",0,0,0,16,10,0,276.80414764649146,1015,1005,997,1002,1001,1003,211,0
1544299,Pacific OR,"Game Set 168.1, 2025 College Womens Basketball",9.667277488137417e-05,0,0,10,15,0,276.79933275952624,1016,987,985,982,981,986,212,0
1543824,Harcum Col,"Game Set 168.1, 2025 College Womens Basketball",0,0,0,0,0,0,276.70056394839685,-1,1492,1528,1492,1528,1492,-1,0
1544495,Spartanburg Meth,"Game Set 168.1, 2025 College Womens Basketball",0,0,0,17,14,0,276.69737120205997,1017,1294,1295,1291,1331,1301,158,0
1544627,U New England,"Game Set 168.1, 2025 College Womens Basketball",0,0,0,12,13,0,276.6810656051446,1018,137,137,848,847,137,213,0
1543852,Holy Names,"Game Set 168.1, 2025 College Womens Basketball",0,0,0,0,0,0,276.6706940795083,-1,509,504,508,507,510,-1,0
1543924,Keene St,"Game Set 168.1, 2025 College Womens Basketball",0,0,0,19,10,0,276.65184026567744,1019,1198,1193,778,773,778,214,0
1544386,Roger Williams,"Game Set 168.1, 2025 College Womens Basketball",0,0,0,13,13,0,276.58110246133697,1020,846,847,719,852,846,215,0
1544678,Vassar,"Game Set 168.1, 2025 College Womens Basketball",0,0,0,12,14,0,276.2845104680149,1021,1092,1089,1091,1096,1097,216,0
1543913,Johnson TN,"Game Set 168.1, 2025 College Womens Basketball",0,0,0,11,19,0,276.19790378081245,1022,1294,1291,1476,1531,1299,159,0
1544151,Muhlenberg,"Game Set 168.1, 2025 College Womens Basketball",0,0,0,10,15,0,275.91311818401505,1023,750,746,751,747,745,217,0
1544467,Shippensburg,"Game Set 168.1, 2025 College Womens Basketball",0,0,0,3,25,0,275.8162086239919,1024,438,440,444,431,441,285,0
1544775,William Penn,"Game Set 168.1, 2025 College Womens Basketball",0,0,0,6,21,0,275.7053501,1025,949,951,944,948,950,160,0
1544333,Pontifical Cath PR,"Game Set 168.1, 2025 College Womens Basketball",0,0,0,0,0,0,275.65366313399335,-1,1508,1459,1459,1494,1494,-1,0
1544488,Southern N.O.,"Game Set 168.1, 2025 College Womens Basketball",0,0,0,9,15,0,275.5098381912191,1026,990,993,1213,989,993,161,0
1543798,Goldey Beacom,"Game Set 168.1, 2025 College Womens Basketball",0,0,0,5,22,0,275.44192188917566,1027,686,688,680,678,685,286,0
1543987,Lincoln CA,"Game Set 168.1, 2025 College Womens Basketball",0,0,0,0,0,0,275.3022268966626,-1,504,892,472,1165,1168,-1,0
1544354,R Stockton,"Game Set 168.1, 2025 College Womens Basketball",0,0,0,16,11,0,275.1591539,1028,1004,998,996,1003,1005,218,0
1544164,N New Mexico,"Game Set 168.1, 2025 College Womens Basketball",0.000190371,0,0,5,12,0,275.0117363,1029,1165,1165,1170,1548,449,162,0
1543345,Alvernia,"Game Set 168.1, 2025 College Womens Basketball",0,0,0,13,13,0,275.00213515592867,1030,1072,1084,1074,1072,1075,219,0
1544531,St Mary's IN,"Game Set 168.1, 2025 College Womens Basketball",0,0,0,8,17,0,274.8460580252271,1031,812,816,815,810,816,220,0
1544773,Willamette,"Game Set 168.1, 2025 College Womens Basketball",0.000380742,0,0,10,17,0,274.8093856919756,1032,986,984,983,982,981,221,0
1544279,PSU-Altoona,"Game Set 168.1, 2025 College Womens Basketball",0,0,0,20,8,0,274.6941542549228,1033,1112,1110,1114,1116,1113,222,0
1543785,Geneva,"Game Set 168.1, 2025 College Womens Basketball",0,0,0,10,17,0,274.6712637784197,1034,1172,1176,862,1175,1177,223,0
1544562,Swarthmore,"Game Set 168.1, 2025 College Womens Basketball",0,0,0,10,15,0,274.47788147986114,1035,748,1464,746,751,1406,224,0
1543867,Huston-Tillot,"Game Set 168.1, 2025 College Womens Basketball",0,0,0,7,17,0,274.47232924594437,1036,992,1204,991,1150,990,163,0
1544327,Plattsburgh St,"Game Set 168.1, 2025 College Womens Basketball",0,0,0,16,11,0,274.4171014903464,1037,757,753,756,757,761,225,0
1544396,Rutgers-Camden,"Game Set 168.1, 2025 College Womens Basketball",0,0,0,15,14,0,274.2874036605748,1038,750,1465,1001,996,1000,226,0
1543985,Life Pacific,"Game Set 168.1, 2025 College Womens Basketball",0,0,0,9,18,0,274.2030169613629,1039,890,1168,1169,1167,891,164,0
1543971,LeMoyne-Owen,"Game Set 168.1, 2025 College Womens Basketball",0,0,0,3,25,0,274.17232559128735,1040,705,698,700,697,696,287,0
1543764,Framingham St,"Game Set 168.1, 2025 College Womens Basketball",0,0,0,17,11,0,274.1226991471852,1041,933,1272,1274,725,1272,227,0
1543919,Kalamazoo,"Game Set 168.1, 2025 College Womens Basketball",0,0,0,7,19,0,274.1212153268108,1042,813,815,1486,813,814,228,0
1543317,AK Fairbanks,"Game Set 168.1, 2025 College Womens Basketball",0,0,0,0,26,0,274.09485227390786,1043,712,706,707,708,710,288,0
1543949,La Sierra,"Game Set 168.1, 2025 College Womens Basketball",0,0,0,6,18,0,274.07090959258466,1044,890,899,1167,1169,1166,165,0
1544638,UHSP,"Game Set 168.1, 2025 College Womens Basketball",0,0,0,13,17,0,273.9729931249726,1045,1529,1304,1309,1479,1311,166,0
1544050,Manhattanville,"Game Set 168.1, 2025 College Womens Basketball",0,0,0,20,6,0,273.94652446805605,1046,1137,1134,1141,1137,1144,229,0
1544044,Madonna,"Game Set 168.1, 2025 College Womens Basketball",0,0,0,8,20,0,273.9189219474483,1047,904,910,900,1287,906,167,0
1544278,PSU-Abington,"Game Set 168.1, 2025 College Womens Basketball",0,0,0,19,7,0,273.831954,1048,1121,1124,1238,1238,1241,230,0
1544428,SUNY Oneonta,"Game Set 168.1, 2025 College Womens Basketball",0,0,0,15,12,0,273.80015286875494,1049,755,1267,760,759,757,231,0
1543947,La Roche,"Game Set 168.1, 2025 College Womens Basketball",0,0,0,14,12,0,273.4624822,1050,1111,1112,1116,1113,1111,232,0
1544589,Texas Col,"Game Set 168.1, 2025 College Womens Basketball",0,0,0,9,19,0,273.4567913578313,1051,1532,1211,1146,1064,1153,168,0
1544157,N Central MO,"Game Set 168.1, 2025 College Womens Basketball",0,0,0,0,0,0,273.3837117048627,-1,1288,1288,1288,1288,1288,-1,0
1543399,Baker KS,"Game Set 168.1, 2025 College Womens Basketball",0,0,0,4,24,0,273.27127617675944,1052,946,1307,949,953,947,169,0
1543968,Lawrence Tech,"Game Set 168.1, 2025 College Womens Basketball",0,0,0,6,21,0,273.2308078287179,1053,1513,904,903,905,901,170,0
1544370,Rhodes,"Game Set 168.1, 2025 College Womens Basketball",0,0,0,7,18,0,273.0555463675597,1054,864,868,869,865,834,233,0
1543863,Hunter,"Game Set 168.1, 2025 College Womens Basketball",0,0,0,20,8,0,273.0011693,1055,752,1198,1193,1198,1199,234,0
1544449,San Diego Chr,"Game Set 168.1, 2025 College Womens Basketball",0,0,0,0,0,0,272.9789994727539,-1,899,897,893,892,895,-1,0
1543814,Grinnell,"Game Set 168.1, 2025 College Womens Basketball",0,0,0,10,14,0,272.9695513623467,1056,883,888,884,881,885,235,0
1543898,Ithaca,"Game Set 168.1, 2025 College Womens Basketball",0,0,0,9,17,0,272.74572484372595,1057,1093,1094,1090,1098,1095,236,0
1543932,Kenyon,"Game Set 168.1, 2025 College Womens Basketball",0,0,0,6,18,0,272.74109523012453,1058,861,855,858,857,583,237,0
1543990,Lincoln PA,"Game Set 168.1, 2025 College Womens Basketball",0,0,0,3,26,0,272.6767407537668,1059,655,663,660,675,653,289,0
1544051,Mansfield,"Game Set 168.1, 2025 College Womens Basketball",0,0,0,4,25,0,272.57863405237447,1060,441,434,446,440,431,290,0
1543383,Augsburg,"Game Set 168.1, 2025 College Womens Basketball",0,0,0,5,20,0,272.2418981912408,1061,1472,823,820,819,1471,238,0
1544170,NC Wesleyan,"Game Set 168.1, 2025 College Womens Basketball",0,0,0,15,12,0,272.13361255282683,1062,1016,1018,1019,1020,1015,239,0
1544076,Medaille,"Game Set 168.1, 2025 College Womens Basketball",0,0,0,0,0,0,272.12590239268366,-1,1264,1264,1264,1264,1264,-1,0
1543665,Delaware Val,"Game Set 168.1, 2025 College Womens Basketball",0,0,0,10,15,0,272.10218344966324,1063,1083,1085,1087,1079,1077,240,0
1543806,Graceland,"Game Set 168.1, 2025 College Womens Basketball",0,0,0,5,24,0,272.01683230492114,1064,943,950,1306,952,947,171,0
1544379,Roberts Wslyn,"Game Set 168.1, 2025 College Womens Basketball",0,0,0,5,19,0,271.9647092584719,1065,673,666,671,667,670,291,0
1544779,Wilmington OH,"Game Set 168.1, 2025 College Womens Basketball",0,0,0,6,19,0,271.7687227400131,1066,586,591,582,587,585,241,0
1543833,Haverford,"Game Set 168.1, 2025 College Womens Basketball",0,0,0,10,15,0,271.7168451171958,1067,742,751,745,1464,750,242,0
1544538,St Olaf,"Game Set 168.1, 2025 College Womens Basketball",0,0,0,7,18,0,271.7052193335702,1068,817,826,825,827,819,243,0
1544788,Wm Jewell,"Game Set 168.1, 2025 College Womens Basketball",0,0,0,1,26,0,271.6708051629771,1069,566,563,560,408,569,292,0
1544445,Salve Regina,"Game Set 168.1, 2025 College Womens Basketball",0,0,0,9,16,0,271.54252805531655,1070,1469,1468,841,838,837,244,0
1544261,Oswego St,"Game Set 168.1, 2025 College Womens Basketball",0,0,0,11,15,0,271.4998126616057,1071,760,762,761,755,1123,245,0
1544759,Westminster PA,"Game Set 168.1, 2025 College Womens Basketball",0,0,0,9,17,0,271.42414335595174,1072,1178,1174,1179,1182,862,246,0
1543343,Alliance,"Game Set 168.1, 2025 College Womens Basketball",0,0,0,0,0,0,271.4123831511263,-1,677,689,679,686,684,-1,0
1544519,St Joseph's ME,"Game Set 168.1, 2025 College Womens Basketball",0,0,0,17,11,0,271.2767558312661,1073,718,717,716,716,723,247,0
1544731,Washington Advt,"Game Set 168.1, 2025 College Womens Basketball",0,0,0,11,10,0,271.22444762036383,1074,1555,1331,1405,1210,1435,172,0
1543335,Albright,"Game Set 168.1, 2025 College Womens Basketball",0,0,0,10,15,0,271.07172839870174,1075,1076,1080,1075,1072,1071,248,0
1543376,Arlington Bap,"Game Set 168.1, 2025 College Womens Basketball",0,0,0,2,6,0,270.98045159127565,-1,486,478,198,830,835,-1,0
1544425,SUNY Fredonia,"Game Set 168.1, 2025 College Womens Basketball",0,0,0,13,12,0,270.91212834747165,1076,1267,753,755,760,759,249,0
1543957,Lakeland,"Game Set 168.1, 2025 College Womens Basketball",0,0,0,11,15,0,270.8692479381103,1077,955,956,961,954,966,250,0
1544018,MA Dartmouth,"Game Set 168.1, 2025 College Womens Basketball",0,0,0,11,16,0,270.8568064800304,1078,776,774,772,774,776,251,0
1544443,Salem WV,"Game Set 168.1, 2025 College Womens Basketball",0,0,0,3,26,0,270.7983101,1079,1249,417,418,427,1255,293,0
1543533,Carleton MN,"Game Set 168.1, 2025 College Womens Basketball",0,0,0,7,18,0,270.7762945,1080,820,822,823,824,1472,252,0
1544310,Peace,"Game Set 168.1, 2025 College Womens Basketball",0,0,0,16,12,0,270.7520457771314,1081,1019,1017,1020,1017,1018,253,0
1543864,Huntingdon,"Game Set 168.1, 2025 College Womens Basketball",0,0,0,12,14,0,270.71612198350783,1082,730,1462,1032,1029,1030,254,0
1543950,La Verne,"Game Set 168.1, 2025 College Womens Basketball",0,0,0,6,20,0,270.6932930554544,1083,912,918,915,914,916,255,0
1543392,Averett,"Game Set 168.1, 2025 College Womens Basketball",0,0,0,8,17,0,270.6290650648469,1084,302,298,306,300,297,256,0
1543707,Edgewood,"Game Set 168.1, 2025 College Womens Basketball",0,0,0,12,14,0,270.57059381607746,1085,962,960,955,958,956,257,0
1543571,Cheyney St,"Game Set 168.1, 2025 College Womens Basketball",0,0,0,1,4,0,270.5499804,-1,681,283,1417,1133,336,-1,0
1543629,Concordia TX,"Game Set 168.1, 2025 College Womens Basketball",0,0,0,7,19,0,270.40008417579156,1086,831,795,828,832,836,258,0
1544060,Martin Luther,"Game Set 168.1, 2025 College Womens Basketball",0,0,0,11,14,0,270.31691872220154,1087,1025,1026,1024,1022,1021,259,0
1543930,Kentucky Chr,"Game Set 168.1, 2025 College Womens Basketball",0,0,0,7,20,0,270.0705279347604,1088,1246,923,1256,1252,1248,173,0
1544043,Macalester,"Game Set 168.1, 2025 College Womens Basketball",0,0,0,3,21,0,270.0490372310812,1089,821,817,826,1472,824,260,0
1544255,Olivet MI,"Game Set 168.1, 2025 College Womens Basketball",0,0,0,3,22,0,269.86404459225355,1090,1486,814,811,809,813,261,0
1543619,Columbia SC,"Game Set 168.1, 2025 College Womens Basketball",0,0,0,13,17,0,269.76601002538223,1091,1293,1297,1292,1291,1301,174,0
1544212,North Park,"Game Set 168.1, 2025 College Womens Basketball",0,0,0,5,20,0,269.696634,1092,735,1440,733,741,738,262,0
1544318,Pfeiffer,"Game Set 168.1, 2025 College Womens Basketball",0,0,0,15,11,0,269.6930806318951,1093,1014,1016,1019,1014,1474,263,0
1544767,Whitworth,"Game Set 168.1, 2025 College Womens Basketball",4.833638744068708e-05,0,0,5,21,0,269.5998443046764,1094,981,982,985,986,983,264,0
1543827,Harris-Stowe,"Game Set 168.1, 2025 College Womens Basketball",0,0,0,9,19,0,269.4823214268253,1095,1308,1478,1539,1208,1308,175,0
1544462,Sewanee,"Game Set 168.1, 2025 College Womens Basketball",0,0,0,9,18,0,269.44840300763207,1096,869,871,866,864,868,265,0
1544755,Western Gulf,"Game Set 168.1, 2025 College Womens Basketball",0,0,0,0,0,0,269.43684229519437,-1,1211,1211,1211,1211,1211,-1,0
1544174,NE Wesleyan,"Game Set 168.1, 2025 College Womens Basketball",0,0,0,5,21,0,269.2886147567982,1097,872,879,876,877,878,266,0
1544024,ME Maritime,"Game Set 168.1, 2025 College Womens Basketball",0,0,0,18,9,0,269.26647418711786,1098,1259,1263,1259,1266,1269,267,0
1544001,Louisiana Chr,"Game Set 168.1, 2025 College Womens Basketball",0,0,0,5,25,0,269.1553713410957,1099,1064,1153,1532,1152,1146,176,0
1544473,Simpson CA,"Game Set 168.1, 2025 College Womens Basketball",0.000945906,0,0,14,11,0,269.14688673975684,1100,969,1205,1548,1164,1548,177,0
1544689,Voorhees,"Game Set 168.1, 2025 College Womens Basketball",0,0,0,8,17,0,269.11500939226215,1101,1155,703,1331,1106,931,178,0
1543757,Florida National,"Game Set 168.1, 2025 College Womens Basketball",0,0,0,12,17,0,268.9882445021628,1102,1207,1213,1213,1555,1356,179,0
1544156,N Central MN,"Game Set 168.1, 2025 College Womens Basketball",0,0,0,16,16,0,268.9578400263175,1103,1351,1368,1024,1401,1022,268,0
1544500,St Andrew's,"Game Set 168.1, 2025 College Womens Basketball",0,0,0,0,0,0,268.9525548740884,-1,1300,1293,1294,1476,1298,-1,0
1544022,ME Farmington,"Game Set 168.1, 2025 College Womens Basketball",0,0,0,23,8,0,268.32848178740676,1104,784,1268,1262,1269,1268,269,0
1544800,York NE,"Game Set 168.1, 2025 College Womens Basketball",0,0,0,8,22,0,268.0783746382436,1105,1049,1055,1046,1053,942,180,0
1543563,Champion Bap,"Game Set 168.1, 2025 College Womens Basketball",0,0,0,1,3,0,267.8309409317651,-1,1024,365,870,496,1024,-1,0
1543688,E Connecticut,"Game Set 168.1, 2025 College Womens Basketball",0,0,0,9,17,0,267.6944237628867,1106,771,777,771,779,778,270,0
1544303,Panhandle St,"Game Set 168.1, 2025 College Womens Basketball",0,0,0,5,23,0,267.6254171548086,1107,1062,1066,1063,1068,1069,181,0
1543981,Lewis & Clark,"Game Set 168.1, 2025 College Womens Basketball",0.00118387,0,0,6,19,0,267.59996627718374,1108,987,983,979,980,985,271,0
1544131,Montreat,"Game Set 168.1, 2025 College Womens Basketball",0,0,0,11,19,0,267.57637833811697,1109,1299,1477,925,1295,1300,182,0
1544724,Warner Pacific,"Game Set 168.1, 2025 College Womens Basketball",3.701658388620139e-05,0,0,11,19,0,267.5455890009908,1110,313,319,321,312,314,183,0
1543685,Dubuque,"Game Set 168.1, 2025 College Womens Basketball",0,0,0,5,20,0,267.53641918305647,1111,875,880,878,874,873,272,0
1543958,Lakeland AB,"Game Set 168.1, 2025 College Womens Basketball",0,0,0,0,0,0,267.48002864751516,-1,1380,1384,1521,1453,1402,-1,0
1543554,Central Bap,"Game Set 168.1, 2025 College Womens Basketball",0,0,0,11,19,0,267.303513,1112,1479,1479,1308,1479,1304,184,0
1544026,MI Dearborn,"Game Set 168.1, 2025 College Womens Basketball",0,0,0,5,22,0,267.27484473148354,1113,907,901,1287,902,900,185,0
1544456,Schreiner,"Game Set 168.1, 2025 College Womens Basketball",0,0,0,5,21,0,266.9561113135162,1114,793,833,836,835,832,273,0
1544514,St John Fisher,"Game Set 168.1, 2025 College Womens Basketball",0,0,0,12,14,0,266.86018923226317,1115,1044,1037,1042,1043,754,274,0
1544070,Mayville St,"Game Set 168.1, 2025 College Womens Basketball",0,0,0,1,25,0,266.8095746534684,1116,1008,1009,1314,1560,1012,186,0
1543340,Alice Lloyd,"Game Set 168.1, 2025 College Womens Basketball",0,0,0,11,12,0,266.76693077769886,1117,730,1363,1338,1339,1338,187,0
1544359,Randolph Col,"Game Set 168.1, 2025 College Womens Basketball",0,0,0,9,17,0,266.7667602108678,1118,308,1466,303,301,302,275,0
1543844,Hiram,"Game Set 168.1, 2025 College Womens Basketball",0,0,0,7,18,0,266.7217932434584,1119,1173,1174,1178,1176,1180,276,0
1543624,Concordia IL,"Game Set 168.1, 2025 College Womens Basketball",0,0,0,10,16,0,266.71443465052675,1120,965,966,957,964,955,277,0
1543457,Brenau,"Game Set 168.1, 2025 College Womens Basketball",0,0,0,10,16,0,266.65402215888804,1121,1301,1294,1291,1298,1300,188,0
1544101,Midland NE,"Game Set 168.1, 2025 College Womens Basketball",0,0,0,3,25,0,266.5576974930593,1122,977,1480,969,972,973,189,0
1544016,MA Boston,"Game Set 168.1, 2025 College Womens Basketball",0,0,0,14,13,0,266.3626943287317,1123,775,775,777,779,778,278,0
1543521,Calvary Bib,"Game Set 168.1, 2025 College Womens Basketball",0,0,0,2,2,0,266.33618999669795,-1,1024,1025,1557,1529,1024,-1,0
1543938,King's PA,"Game Set 168.1, 2025 College Womens Basketball",0,0,0,9,17,0,266.28250486716416,1124,1077,1073,1086,1085,1083,279,0
1544494,Spalding,"Game Set 168.1, 2025 College Womens Basketball",0,0,0,14,15,0,265.94593716974936,1125,1216,1310,1217,1219,1223,280,0
1543704,Eastern Univ,"Game Set 168.1, 2025 College Womens Basketball",0,0,0,8,17,0,265.7749298029988,1126,1075,1071,1076,1084,1080,281,0
1544075,McPherson,"Game Set 168.1, 2025 College Womens Basketball",0,0,0,8,22,0,265.31678604010636,1127,1046,1054,1058,1052,1056,190,0
1544558,Suffolk,"Game Set 168.1, 2025 College Womens Basketball",0,0,0,12,13,0,265.13771767394064,1128,852,847,854,845,137,282,0
1544654,Union KY,"Game Set 168.1, 2025 College Womens Basketball",0,0,0,8,20,0,265.0631593421949,1129,1531,1301,1298,925,1476,191,0
1543643,Crown MN,"Game Set 168.1, 2025 College Womens Basketball",0,0,0,12,21,0,265.01320781566494,1130,1343,1368,1351,1337,1025,283,0
1544700,W Woods,"Game Set 168.1, 2025 College Womens Basketball",0,0,0,2,24,0,265.0027685796839,1131,952,943,944,950,1306,192,0
1544398,S Alberta Tech,"Game Set 168.1, 2025 College Womens Basketball",0,0,0,0,0,0,264.8391643362765,-1,1453,1453,1521,1521,1546,-1,0
1544528,St Mary NE,"Game Set 168.1, 2025 College Womens Basketball",0,0,0,4,26,0,264.6531311976874,1132,972,978,971,970,969,193,0
1544691,W Connecticut,"Game Set 168.1, 2025 College Womens Basketball",0,0,0,10,15,0,264.44182653619055,1133,775,778,771,779,774,284,0
1543657,Davis & Elkins,"Game Set 168.1, 2025 College Womens Basketball",0,0,0,1,28,0,264.3214509753179,1134,428,427,419,420,424,294,0
1544471,Simmons KY,"Game Set 168.1, 2025 College Womens Basketball",0,0,0,4,9,0,264.26661727603715,-1,931,1253,993,352,1253,-1,0
1544202,Nichols,"Game Set 168.1, 2025 College Womens Basketball",0,0,0,13,12,0,264.26154850403617,1135,853,846,852,848,849,285,0
1543693,E Nazarene,"Game Set 168.1, 2025 College Womens Basketball",0,0,0,0,0,0,264.2319340827763,-1,1267,1263,1261,1274,843,-1,0
1544296,Pac Lutheran,"Game Set 168.1, 2025 College Womens Basketball",4.461820379140346e-05,0,0,3,22,0,264.1717968257046,1136,979,980,984,983,987,286,0
1544203,Nobel,"Game Set 168.1, 2025 College Womens Basketball",0,0,0,0,0,0,264.0378633031979,-1,1168,1162,916,503,893,-1,0
1543555,Central Chr,"Game Set 168.1, 2025 College Womens Basketball",0,0,0,6,24,0,263.92804250620463,1137,1065,1535,1289,1067,1070,194,0
1543531,Card Stritch,"Game Set 168.1, 2025 College Womens Basketball",0,0,0,0,0,0,263.6591811659996,-1,1236,1227,1225,1226,1224,-1,0
1543726,Erskine,"Game Set 168.1, 2025 College Womens Basketball",0,0,0,2,26,0,263.53432312009903,1138,652,621,625,619,623,295,0
1544340,Presentation,"Game Set 168.1, 2025 College Womens Basketball",0,0,0,0,0,0,263.26682292812404,-1,1317,1313,1320,1318,1316,-1,0
1544743,Wellesley,"Game Set 168.1, 2025 College Womens Basketball",0,0,0,10,14,0,263.19516331499256,1139,851,837,842,840,838,287,0
1543319,Abe Baldwin,"Game Set 168.1, 2025 College Womens Basketball",0,0,0,7,21,0,263.1609923076175,1140,1099,1185,1101,1104,1296,195,0
1543537,Carolina Univ,"Game Set 168.1, 2025 College Womens Basketball",0,0,0,7,23,0,263.02999346820684,1141,1202,1531,1204,1204,1288,196,0
1544021,ME Augusta,"Game Set 168.1, 2025 College Womens Basketball",0,0,0,3,1,0,262.96567984288333,-1,1265,722,1265,1259,1265,-1,0
1543966,Lasell,"Game Set 168.1, 2025 College Womens Basketball",0,0,0,19,7,0,262.9653624,1142,726,1157,724,717,727,288,0
1544146,Mt St Mary NY,"Game Set 168.1, 2025 College Womens Basketball",0,0,0,17,10,0,262.7597256732646,1143,1137,1142,1136,1138,1140,289,0
1543485,C Maine Tech,"Game Set 168.1, 2025 College Womens Basketball",0,0,0,0,0,0,262.6648065281123,-1,1441,1405,1425,1424,1399,-1,0
1544312,Penn Col Tech,"Game Set 168.1, 2025 College Womens Basketball",0,0,0,20,7,0,262.6141755,1144,1120,1118,1126,1239,1245,290,0
1543546,Catholic PR,"Game Set 168.1, 2025 College Womens Basketball",0,0,0,0,1,0,262.5214806113637,-1,447,447,447,447,447,-1,0
1543907,Jarvis Chr,"Game Set 168.1, 2025 College Womens Basketball",0,0,0,5,24,0,262.2954075,1145,1146,1211,1148,1153,1064,197,0
1544229,Notre Dame MD,"Game Set 168.1, 2025 College Womens Basketball",0,0,0,12,12,0,262.12341468355066,1146,1465,1465,1118,1125,1121,291,0
1544224,Northwestern MN,"Game Set 168.1, 2025 College Womens Basketball",0,0,0,6,18,0,261.9656337188927,1147,1024,1025,1021,1026,1022,292,0
1543915,Juniata,"Game Set 168.1, 2025 College Womens Basketball",0,0,0,5,20,0,261.9355898600689,1148,938,1078,939,937,1081,293,0
1543866,Husson,"Game Set 168.1, 2025 College Womens Basketball",0,0,0,17,9,0,261.6937171252862,1149,1259,1266,1269,1405,1260,294,0
1544065,Marymount VA,"Game Set 168.1, 2025 College Womens Basketball",0,0,0,13,13,0,261.60718501797686,1150,1132,1132,1131,534,1129,295,0
1543976,Lehman,"Game Set 168.1, 2025 College Womens Basketball",0,0,0,16,13,0,261.6033515045471,1151,771,1196,1194,1197,1192,296,0
1544669,VA-Lynchburg,"Game Set 168.1, 2025 College Womens Basketball",0,0,0,0,13,0,261.55567980238453,-1,529,703,654,653,1466,-1,0
1544011,Lycoming,"Game Set 168.1, 2025 College Womens Basketball",0,0,0,8,17,0,261.55540765905437,1152,937,935,938,933,934,297,0
1543732,FDU Madison,"Game Set 168.1, 2025 College Womens Basketball",0,0,0,8,17,0,261.52321803575126,1153,1079,1077,1085,1083,1073,298,0
1544683,Virgin Islands,"Game Set 168.1, 2025 College Womens Basketball",0,0,0,1,3,0,261.42482705707573,1154,990,1103,1154,1183,990,198,0
1543713,Elmira,"Game Set 168.1, 2025 College Womens Basketball",0,0,0,13,14,0,261.3909754679938,1155,1044,754,1042,1037,1038,299,0
1544393,Russell Sage,"Game Set 168.1, 2025 College Womens Basketball",0,0,0,15,11,0,261.3898043479884,1156,758,1041,1044,1039,1042,300,0
1543937,King's AB,"Game Set 168.1, 2025 College Womens Basketball",0,0,0,0,0,0,261.2476753386472,-1,1454,1454,1498,1402,1402,-1,0
1543543,Castleton,"Game Set 168.1, 2025 College Womens Basketball",0,0,0,7,18,0,260.9409148442976,1157,776,777,773,774,772,301,0
1543604,Col of Dupage,"Game Set 168.1, 2025 College Womens Basketball",0,0,0,0,1,0,260.8107353191976,-1,1232,1232,1232,1232,1232,-1,0
1543590,Clarkson,"Game Set 168.1, 2025 College Womens Basketball",0,0,0,10,15,0,260.73685758801736,1158,1090,1097,1091,1094,1089,302,0
1544742,Welch,"Game Set 168.1, 2025 College Womens Basketball",0,0,0,3,6,0,260.7233595045365,-1,1104,1255,1253,1034,1253,-1,0
1543475,Bryn Athyn,"Game Set 168.1, 2025 College Womens Basketball",0,0,0,0,0,0,260.7005533,-1,1121,1124,1465,1126,1119,-1,0
1544175,NJ City,"Game Set 168.1, 2025 College Womens Basketball",0,0,0,9,16,0,260.6275961,1159,1005,1001,998,1004,1198,303,0
1544192,New College FL,"Game Set 168.1, 2025 College Womens Basketball",0,0,0,3,18,0,260.4594433560662,1160,1183,1187,1189,1184,1191,199,0
1543677,Dominican IL,"Game Set 168.1, 2025 College Womens Basketball",0,0,0,10,15,0,260.3496540882514,1161,954,956,955,958,965,304,0
1544190,Neumann,"Game Set 168.1, 2025 College Womens Basketball",0,0,0,9,17,0,260.27303485801184,1162,1133,1133,1132,1129,534,305,0
1543914,Judson IL,"Game Set 168.1, 2025 College Womens Basketball",0,0,0,6,19,0,259.76900001557664,1163,1235,1229,1233,1320,1224,200,0
1543875,IU Columbus,"Game Set 168.1, 2025 College Womens Basketball",0,0,0,4,25,0,259.4347375966148,1164,1246,1257,1247,1252,1248,201,0
1544757,Westfield St,"Game Set 168.1, 2025 College Womens Basketball",0,0,0,17,8,0,259.3659195,1165,725,1275,1274,1272,725,306,0
1544301,Paine,"Game Set 168.1, 2025 College Womens Basketball",0,0,0,8,12,0,259.26831142316047,1166,1044,1289,1213,1204,1338,296,0
1544137,Morris SC,"Game Set 168.1, 2025 College Womens Basketball",0,0,0,4,14,0,258.7465394547967,1167,1206,703,995,1355,1106,202,0
1544227,Norwich,"Game Set 168.1, 2025 College Womens Basketball",0,0,0,13,13,0,258.70849051009185,1168,718,720,727,718,716,307,0
1544068,Marywood,"Game Set 168.1, 2025 College Womens Basketball",0,0,0,14,14,0,258.62012202406675,1169,1131,1128,1128,1127,1243,308,0
1544763,Wheaton MA,"Game Set 168.1, 2025 College Womens Basketball",0,0,0,5,20,0,258.61967056409503,1170,838,844,851,843,842,309,0
1544087,Methodist,"Game Set 168.1, 2025 College Womens Basketball",0,0,0,8,18,0,258.12473596943414,1171,1016,1014,1013,1470,1017,310,0
1544014,Lyon,"Game Set 168.1, 2025 College Womens Basketball",0,0,0,12,15,0,258.09432387936306,1172,1221,1223,1216,1217,1336,311,0
1543553,Centenary NJ,"Game Set 168.1, 2025 College Womens Basketball",0,0,0,14,13,0,257.59673214468154,1173,1131,1127,1127,1129,1131,312,0
1544529,St Mary's AB,"Game Set 168.1, 2025 College Womens Basketball",0,0,0,0,0,0,257.4409875938582,-1,1521,1521,1384,1384,1546,-1,0
1544758,Westminster MO,"Game Set 168.1, 2025 College Womens Basketball",0,0,0,11,16,0,257.4200798635625,1174,1217,1222,1310,1220,1220,313,0
1544659,Univ of Southwest,"Game Set 168.1, 2025 College Womens Basketball",0,0,0,5,20,0,257.4064949810229,1175,1149,1151,1154,1156,1147,203,0
1544441,Salem MA,"Game Set 168.1, 2025 College Womens Basketball",0,0,0,13,14,0,257.3804291243592,1176,1277,1271,1276,1273,1271,314,0
1544152,Multnomah Bib,"Game Set 168.1, 2025 College Womens Basketball",0,0,0,0,1,0,257.3300355605101,-1,315,315,315,315,315,-1,0
1543548,Cedar Crest,"Game Set 168.1, 2025 College Womens Basketball",0,0,0,18,10,0,257.2005445651637,1177,1005,1121,1485,1485,1119,315,0
1544778,Wilmington DE,"Game Set 168.1, 2025 College Womens Basketball",0,0,0,1,27,0,257.03074584530657,1178,677,685,688,680,684,297,0
1544493,Southwestern KS,"Game Set 168.1, 2025 College Womens Basketball",0,0,0,4,24,0,256.85930011065875,1179,1056,1058,1048,942,1050,204,0
1543339,Alfred St,"Game Set 168.1, 2025 College Womens Basketball",0,0,0,16,11,0,256.70287311498623,1180,1112,1117,1111,1110,1114,316,0
1544238,Oakland City,"Game Set 168.1, 2025 College Womens Basketball",0,0,0,3,26,0,256.6533934842605,1181,1248,1257,1302,1254,1246,205,0
1544023,ME Ft Kent,"Game Set 168.1, 2025 College Womens Basketball",0,0,0,5,6,0,256.4689121208089,-1,1210,1202,1262,1265,1268,-1,0
1543813,Greenville,"Game Set 168.1, 2025 College Womens Basketball",0,0,0,9,17,0,256.2277927256224,1182,1223,1218,1219,1216,1223,317,0
1543529,Capilano,"Game Set 168.1, 2025 College Womens Basketball",0,0,0,0,0,0,256.0583920834379,-1,1445,1445,1497,1497,1385,-1,0
1543699,Earlham,"Game Set 168.1, 2025 College Womens Basketball",0,0,0,1,24,0,256.0378041722349,1183,1280,1282,1033,1284,1286,318,0
1543653,Dallas Univ,"Game Set 168.1, 2025 College Womens Basketball",0,0,0,4,22,0,256.03682096239265,1184,870,796,795,831,833,319,0
1543536,Carolina Chr,"Game Set 168.1, 2025 College Womens Basketball",0,0,0,0,0,0,255.9921877572482,-1,1393,1435,1484,533,1393,-1,0
1543802,Goucher,"Game Set 168.1, 2025 College Womens Basketball",0,0,0,8,17,0,255.9192162547625,1185,1081,934,935,938,936,320,0
1543595,Clinton JC,"Game Set 168.1, 2025 College Womens Basketball",0,0,0,2,7,0,255.88905456388855,-1,1204,703,1477,1187,1189,-1,0
1543617,Columbia Intl,"Game Set 168.1, 2025 College Womens Basketball",0,0,0,6,21,0,255.78510716468344,1186,1299,1477,1295,1294,925,206,0
1543519,Caltech,"Game Set 168.1, 2025 College Womens Basketball",0,0,0,3,19,0,255.49562395806836,1187,915,919,917,913,914,321,0
1543752,Five Towns,"Game Set 168.1, 2025 College Womens Basketball",0,0,0,2,4,0,255.26926031730417,-1,1211,681,681,681,1135,-1,0
1544423,SUNY Cobleskill,"Game Set 168.1, 2025 College Womens Basketball",0,0,0,15,11,0,255.22601587388974,1188,1268,1270,1160,1270,1265,322,0
1543640,Covenant,"Game Set 168.1, 2025 College Womens Basketball",0,0,0,6,20,0,255.21207105510337,1189,1032,1030,1031,1462,1029,323,0
1543639,Cottey,"Game Set 168.1, 2025 College Womens Basketball",0,0,0,6,24,0,255.13945135396938,1190,1304,1309,1529,1311,1479,207,0
1544616,Trinity Jax,"Game Set 168.1, 2025 College Womens Basketball",0,0,0,3,5,0,254.7356689615628,-1,1537,703,1537,695,1475,-1,0
1544160,N England Col,"Game Set 168.1, 2025 College Womens Basketball",0,0,0,16,11,0,254.68528641144525,1191,718,1160,716,728,726,324,0
1544772,Wilkes,"Game Set 168.1, 2025 College Womens Basketball",0,0,0,5,20,0,254.6723769384981,1192,939,933,937,936,935,325,0
1543446,Bluefield Univ,"Game Set 168.1, 2025 College Womens Basketball",0,0,0,2,25,0,254.63645600888617,1193,1294,1299,1555,1293,925,208,0
1544328,Plymouth St,"Game Set 168.1, 2025 College Womens Basketball",0,0,0,10,15,0,254.6234568663945,1194,773,779,774,776,775,326,0
1543970,Le Tourneau,"Game Set 168.1, 2025 College Womens Basketball",0,0,0,5,22,0,254.5952331377336,1195,832,828,870,796,870,327,0
1543691,E Mennonite,"Game Set 168.1, 2025 College Womens Basketball",0,0,0,5,20,0,254.59294896519432,1196,306,308,302,303,300,328,0
1544792,Worcester St,"Game Set 168.1, 2025 College Womens Basketball",0,0,0,9,17,0,254.3399955398724,1197,1274,1272,725,1274,1277,329,0
1544720,Waldorf,"Game Set 168.1, 2025 College Womens Basketball",0,0,0,2,27,0,254.32104618741906,1198,969,971,977,974,976,209,0
1543845,Hobart & Smith,"Game Set 168.1, 2025 College Womens Basketball",0,0,0,4,21,0,254.07971889387116,1199,1098,1093,1095,1092,1097,330,0
1544139,Mt Aloysius,"Game Set 168.1, 2025 College Womens Basketball",0,0,0,10,16,0,254.06840837056333,1200,1116,1112,1258,1114,1111,331,0
1544509,St Elizabeth,"Game Set 168.1, 2025 College Womens Basketball",0,0,0,12,13,0,253.87323662010775,1201,1129,534,1132,1133,1127,332,0
1543812,Greensboro,"Game Set 168.1, 2025 College Womens Basketball",0,0,0,10,16,0,253.78266001151056,1202,1013,1474,1470,1019,1014,333,0
1544329,Point,"Game Set 168.1, 2025 College Womens Basketball",0,0,0,0,25,0,253.53306550494793,1203,1109,1537,1185,1099,1102,210,0
1544619,Truett-McConnell,"Game Set 168.1, 2025 College Womens Basketball",0,0,0,6,22,0,253.48364943930142,1204,1291,1297,1531,1476,1293,211,0
1543574,Chihuahua,"Game Set 168.1, 2025 College Womens Basketball",0,0,0,0,0,0,253.18153766896958,-1,1205,1205,1205,1205,1205,-1,0
1543775,Ft Lauderdale,"Game Set 168.1, 2025 College Womens Basketball",0,0,0,1,19,0,253.1274716500336,-1,1190,1189,1331,1207,1213,-1,0
1544594,Thiel,"Game Set 168.1, 2025 College Womens Basketball",0,0,0,6,20,0,253.0574171747211,1205,1179,1173,1172,1174,1178,334,0
1543338,Alfred,"Game Set 168.1, 2025 College Womens Basketball",0,0,0,11,15,0,252.9946194422346,1206,1037,1044,1041,1045,1541,335,0
1543837,Heidelberg,"Game Set 168.1, 2025 College Womens Basketball",0,0,0,1,24,0,252.84979006768748,1207,588,586,585,582,587,336,0
1544037,MS Women,"Game Set 168.1, 2025 College Womens Basketball",0,0,0,6,20,0,252.5959590370019,1208,1216,1223,1223,1217,1218,337,0
1544518,St Joseph's LI,"Game Set 168.1, 2025 College Womens Basketball",0,0,0,15,11,0,252.1623231779716,1209,1134,1141,1134,1137,1136,338,0
1544366,Regis MA,"Game Set 168.1, 2025 College Womens Basketball",0,0,0,12,14,0,252.08396800409488,1210,717,722,721,724,1159,339,0
1544522,St Katherine,"Game Set 168.1, 2025 College Womens Basketball",0,0,0,0,0,0,252.04219991884332,-1,1335,899,1335,899,1335,-1,0
1544597,Thomas ME,"Game Set 168.1, 2025 College Womens Basketball",0,0,0,16,10,0,251.71547712640304,1211,1263,1260,1263,1269,1160,340,0
1543333,Albertus Magnus,"Game Set 168.1, 2025 College Womens Basketball",0,0,0,9,18,0,251.59552090767772,1212,721,723,724,722,720,341,0
1544780,Wilson,"Game Set 168.1, 2025 College Womens Basketball",0,0,0,15,11,0,251.5174007460605,1213,1120,1120,1245,1241,1118,342,0
1543818,Gwynedd-Mercy,"Game Set 168.1, 2025 College Womens Basketball",0,0,0,8,18,0,251.43601323391042,1214,1243,1133,1127,1128,1131,343,0
1544084,Meredith,"Game Set 168.1, 2025 College Womens Basketball",0,0,0,8,19,0,251.3825008332045,1215,1019,1015,1018,1474,1020,344,0
1543662,Defiance,"Game Set 168.1, 2025 College Womens Basketball",0,0,0,2,27,0,251.27879274799488,1216,905,1513,910,901,907,212,0
1543448,Bob Jones,"Game Set 168.1, 2025 College Womens Basketball",0,0,0,2,13,0,251.23952818747318,-1,533,1393,1029,1393,229,-1,0
1543358,Anna Maria,"Game Set 168.1, 2025 College Womens Basketball",0,0,0,11,15,0,251.05548934057907,1217,1272,1273,1277,1271,1275,345,0
1543741,Farmingdale,"Game Set 168.1, 2025 College Womens Basketball",0,0,0,15,12,0,251.0395539,1218,1136,1138,1144,1143,1138,346,0
1544667,Utica,"Game Set 168.1, 2025 College Womens Basketball",0,0,0,8,17,0,251.00262897866236,1219,1541,754,758,1044,1039,347,0
1543512,Cal Maritime,"Game Set 168.1, 2025 College Womens Basketball",0.00208367,0,0,8,11,0,250.6051594544761,1220,1165,532,1548,1,1548,213,0
1543893,Interamerican PR,"Game Set 168.1, 2025 College Womens Basketball",0,0,0,0,1,0,250.5433571614837,-1,478,478,478,478,478,-1,0
1544092,Miami-Hamilton,"Game Set 168.1, 2025 College Womens Basketball",0,0,0,0,3,0,250.16801418582418,-1,1255,926,614,1255,926,-1,0
1543579,Cin Clermont,"Game Set 168.1, 2025 College Womens Basketball",0,0,0,1,4,0,249.9873180899563,-1,1255,1252,1302,674,1302,-1,0
1543811,Great Lakes Chr,"Game Set 168.1, 2025 College Womens Basketball",0,0,0,3,6,0,249.9432143791278,-1,931,732,732,1255,923,-1,0
1544615,Trinity Intl,"Game Set 168.1, 2025 College Womens Basketball",0,0,0,0,0,0,249.53138814408368,-1,1230,1233,1226,1229,1227,-1,0
1543962,Lancaster Bib,"Game Set 168.1, 2025 College Womens Basketball",0,0,0,11,16,0,249.4943,1221,1124,1126,1119,1485,1238,348,0
1543416,Beloit,"Game Set 168.1, 2025 College Womens Basketball",0,0,0,6,19,0,249.45254608670587,1222,882,886,883,888,884,349,0
1543766,Franciscan OH,"Game Set 168.1, 2025 College Womens Basketball",0,0,0,3,22,0,249.44729770965162,1223,1182,1178,1173,1175,1174,350,0
1543362,Apprentice,"Game Set 168.1, 2025 College Womens Basketball",0,0,0,1,6,0,249.4030340217484,-1,1150,1488,533,1393,1017,-1,0
1544725,Warren Wilson,"Game Set 168.1, 2025 College Womens Basketball",0,0,0,6,21,0,249.25943869220328,1224,731,1393,1347,1484,1470,351,0
1544612,Trinity Chr,"Game Set 168.1, 2025 College Womens Basketball",0,0,0,0,4,0,249.21663857867412,1225,543,1320,948,910,543,214,0
1544244,Ohio Chr,"Game Set 168.1, 2025 College Womens Basketball",0,0,0,4,19,0,248.99399381117297,1226,1398,674,1339,930,1354,215,0
1543933,Keuka,"Game Set 168.1, 2025 College Womens Basketball",0,0,0,9,15,0,248.92404458261103,1227,1043,1038,1037,1045,1041,352,0
1544287,PSU-Harrisburg,"Game Set 168.1, 2025 College Womens Basketball",0,0,0,9,18,0,248.8962732447758,1228,1121,1417,1118,1465,1417,353,0
1544273,PR Mayaguez,"Game Set 168.1, 2025 College Womens Basketball",0,0,0,0,8,0,248.55372893507837,1229,273,447,790,648,291,298,0
1543910,John Jay,"Game Set 168.1, 2025 College Womens Basketball",0,0,0,11,16,0,248.07151886253718,1230,1198,1192,1193,1194,1198,354,0
1543578,Christendom,"Game Set 168.1, 2025 College Womens Basketball",0,0,0,4,4,0,248.0405436742413,-1,1488,1393,1202,1347,1202,-1,0
1544125,Monmouth IL,"Game Set 168.1, 2025 College Womens Basketball",0,0,0,8,17,0,248.00119470198834,1231,881,884,888,882,887,355,0
1544599,Thompson Riv,"Game Set 168.1, 2025 College Womens Basketball",0,0,0,0,0,0,247.88729476794842,-1,320,320,320,320,320,-1,0
1544357,Ramapo,"Game Set 168.1, 2025 College Womens Basketball",0,0,0,8,17,0,247.77804514809938,1232,1004,997,1002,996,998,356,0
1543961,Lambton,"Game Set 168.1, 2025 College Womens Basketball",0,0,0,0,0,0,247.77519715780264,-1,1525,1524,904,1525,1524,-1,0
1543854,Hood,"Game Set 168.1, 2025 College Womens Basketball",0,0,0,3,22,0,247.77096249527006,1233,1074,1084,1082,1071,1076,357,0
1543437,Birmingham So,"Game Set 168.1, 2025 College Womens Basketball",0,0,0,0,0,0,247.23986232617838,-1,865,869,865,869,865,-1,0
1544517,St Joseph CT,"Game Set 168.1, 2025 College Womens Basketball",0,0,0,8,18,0,247.12754800962233,1234,721,721,1159,726,724,358,0
1543647,Curry,"Game Set 168.1, 2025 College Womens Basketball",0,0,0,4,21,0,247.05602992057328,1235,845,852,719,137,849,359,0
1543954,Lake Forest,"Game Set 168.1, 2025 College Womens Basketball",0,0,0,3,22,0,247.0154909487068,1236,885,887,886,881,889,360,0
1543476,Bryn Mawr,"Game Set 168.1, 2025 College Womens Basketball",0,0,0,5,20,0,246.92119591054794,1237,745,742,750,748,747,361,0
1543960,Lamar CC,"Game Set 168.1, 2025 College Womens Basketball",0,0,0,0,0,0,246.61871119977323,-1,1205,1205,1205,1205,1205,-1,0
1543520,Calumet-St Jos,"Game Set 168.1, 2025 College Womens Basketball",0,0,0,3,21,0,246.6108478230689,1238,1467,1226,1236,1225,1228,216,0
1544277,PSU York,"Game Set 168.1, 2025 College Womens Basketball",0,0,0,2,1,0,246.55535092290847,-1,1125,681,1417,1125,681,-1,0
1544535,St Mary-Woods,"Game Set 168.1, 2025 College Womens Basketball",0,0,0,1,25,0,246.42859771619268,1239,1556,1256,923,1247,1250,217,0
1544430,SUNY Potsdam,"Game Set 168.1, 2025 College Womens Basketball",0,0,0,5,20,0,246.3525778073825,1240,757,756,762,761,755,362,0
1544506,St Clair,"Game Set 168.1, 2025 College Womens Basketball",0,0,0,0,1,0,246.34265599654563,-1,901,901,901,901,901,-1,0
1543398,Bacone,"Game Set 168.1, 2025 College Womens Basketball",0,0,0,0,0,0,246.0414608127294,-1,1201,1310,1208,1336,1353,-1,0
1544280,PSU-Beaver,"Game Set 168.1, 2025 College Womens Basketball",0,0,0,2,1,0,245.94637301960708,-1,1177,1181,1113,1177,1181,-1,0
1544454,Sarah Lawrence,"Game Set 168.1, 2025 College Womens Basketball",0,0,0,14,12,0,245.7353038722985,1241,1141,1145,1143,1140,1137,363,0
1544347,Purchase,"Game Set 168.1, 2025 College Womens Basketball",0,0,0,11,15,0,245.3777844056471,1242,1134,1142,1135,1136,1141,364,0
1544601,Toccoa Falls,"Game Set 168.1, 2025 College Womens Basketball",0,0,0,4,14,0,245.24944596031565,-1,1253,703,703,1555,1253,-1,0
1543552,Centenary,"Game Set 168.1, 2025 College Womens Basketball",0,0,0,3,23,0,245.10113759882452,1243,828,832,796,870,796,365,0
1543490,CBS-Houston,"Game Set 168.1, 2025 College Womens Basketball",0,0,0,0,8,0,244.73404418189446,-1,793,198,480,792,792,-1,0
1544290,PSU-Mont Alto,"Game Set 168.1, 2025 College Womens Basketball",0,0,0,1,1,0,244.3984567348131,-1,1488,1124,1488,1124,1488,-1,0
1544054,Marian WI,"Game Set 168.1, 2025 College Womens Basketball",0,0,0,4,21,0,244.31245941988212,1244,959,961,956,955,958,366,0
1544610,Trinity Bib,"Game Set 168.1, 2025 College Womens Basketball",0,0,0,0,6,0,244.19040839660303,-1,1025,1025,1024,1026,1028,-1,0
1543829,Hartwick,"Game Set 168.1, 2025 College Womens Basketball",0,0,0,6,19,0,243.9439741110405,1245,1045,1039,1044,1043,1042,367,0
1543607,Colby-Sawyer,"Game Set 168.1, 2025 College Womens Basketball",0,0,0,9,17,0,243.93922852174893,1246,717,720,721,723,716,368,0
1544295,PSU-c,"Game Set 168.1, 2025 College Womens Basketball",0,0,0,0,0,0,243.7738312610732,-1,1427,1418,1403,1394,1406,-1,0
1543465,Briercrest,"Game Set 168.1, 2025 College Womens Basketball",0,0,0,0,0,0,243.29656201909557,-1,1546,1546,1453,1453,1521,-1,0
1544179,NVU-Lyndon,"Game Set 168.1, 2025 College Womens Basketball",0,0,0,14,12,0,243.25023261604295,1247,1259,1265,1262,1270,1259,369,0
1544429,SUNY Poly,"Game Set 168.1, 2025 College Womens Basketball",0,0,0,7,18,0,243.10628685497306,1248,1036,758,754,1260,1039,370,0
1543730,Evergreen St,"Game Set 168.1, 2025 College Womens Basketball",4.627072985775174e-05,0,0,1,24,0,243.02208834075128,1249,315,319,320,316,310,218,0
1544267,Ozark Chr,"Game Set 168.1, 2025 College Womens Basketball",0,0,0,0,3,0,242.83667301014935,-1,410,562,1067,410,562,-1,0
1543934,Keyano,"Game Set 168.1, 2025 College Womens Basketball",0,0,0,0,0,0,242.58688301313532,-1,1380,1380,1402,1402,1526,-1,0
1543877,IUPUC,"Game Set 168.1, 2025 College Womens Basketball",0,0,0,0,0,0,242.50186255732683,-1,1248,1247,1257,1254,1251,-1,0
1543481,Buffalo St,"Game Set 168.1, 2025 College Womens Basketball",0,0,0,4,21,0,242.30493867876828,1250,753,1267,759,760,1123,371,0
1544614,Trinity FL,"Game Set 168.1, 2025 College Womens Basketball",0,0,0,0,7,0,241.7033402122345,-1,295,1206,578,1186,295,-1,0
1543714,Elms,"Game Set 168.1, 2025 College Womens Basketball",0,0,0,8,17,0,241.46435653804173,1251,726,728,722,720,718,372,0
1543652,Dallas Chr,"Game Set 168.1, 2025 College Womens Basketball",0,0,0,0,7,0,241.2585742502817,-1,797,1461,793,488,487,-1,0
1544138,Morrisville St,"Game Set 168.1, 2025 College Womens Basketball",0,0,0,2,23,0,241.22926130777861,1252,755,1267,753,762,760,373,0
1543471,Bry & Strat-OH,"Game Set 168.1, 2025 College Womens Basketball",0,0,0,0,2,0,241.12690774007652,-1,681,681,681,681,681,-1,0
1543470,Bry & Strat-Buffalo,"Game Set 168.1, 2025 College Womens Basketball",0,0,0,1,3,0,240.77950922851997,-1,681,681,1044,1210,681,-1,0
1544442,Salem NC,"Game Set 168.1, 2025 College Womens Basketball",0,0,0,4,18,0,240.72890021813234,1253,1018,1470,1017,1016,1018,374,0
1543822,Hannibal-Lagr,"Game Set 168.1, 2025 College Womens Basketball",0,0,0,6,24,0,240.70538212992676,1254,1308,1208,1478,1539,1529,219,0
1544721,Walla Walla,"Game Set 168.1, 2025 College Womens Basketball",0.000462046,0,0,3,25,0,240.48274524158904,1255,311,317,321,319,315,220,0
1543941,Kuyper,"Game Set 168.1, 2025 College Womens Basketball",0,0,0,0,0,0,240.30199086114615,-1,1333,1339,1339,1255,732,-1,0
1543440,Blackburn,"Game Set 168.1, 2025 College Womens Basketball",0,0,0,6,19,0,240.22070096658373,1256,732,1222,1223,1221,1310,375,0
1544345,Providence MB,"Game Set 168.1, 2025 College Womens Basketball",0,0,0,0,1,0,239.59197733952263,-1,1024,1024,1024,1024,1024,-1,0
1544433,SW Chr TX,"Game Set 168.1, 2025 College Womens Basketball",0,0,0,0,0,0,238.82590742711736,-1,1487,1491,1487,1491,1500,-1,0
1543870,IL Tech,"Game Set 168.1, 2025 College Womens Basketball",0,0,0,3,21,0,238.7681195604091,1257,964,959,961,963,966,376,0
1544520,St Joseph's NY,"Game Set 168.1, 2025 College Womens Basketball",0,0,0,11,16,0,238.64867923131567,1258,1142,1144,1135,1141,1140,377,0
1544294,PSU-Shenango,"Game Set 168.1, 2025 College Womens Basketball",0,0,0,0,2,0,238.45765275852057,-1,862,1177,862,1177,862,-1,0
1544148,Mt St Vincent,"Game Set 168.1, 2025 College Womens Basketball",0,0,0,7,18,0,237.68298204943233,1259,1137,1135,1144,1141,1142,378,0
1543403,Bard,"Game Set 168.1, 2025 College Womens Basketball",0,0,0,3,23,0,237.26521280975314,1260,1091,1096,1097,1089,1094,379,0
1543408,Bayamon Central,"Game Set 168.1, 2025 College Womens Basketball",0,0,0,0,0,0,237.22562736340086,-1,1505,1496,676,1508,1506,-1,0
1544248,Okanagan Col,"Game Set 168.1, 2025 College Womens Basketball",0,0,0,0,0,0,236.65204162899653,-1,1385,1385,1447,1447,1497,-1,0
1544284,PSU-DuBois,"Game Set 168.1, 2025 College Womens Basketball",0,0,0,0,0,0,236.56023721356476,-1,1397,1387,1396,1388,1423,-1,0
1543800,Gordon,"Game Set 168.1, 2025 College Womens Basketball",0,0,0,4,21,0,236.4947240195881,1261,848,853,850,845,846,380,0
1544049,Manhattan Chr,"Game Set 168.1, 2025 College Womens Basketball",0,0,0,1,6,0,236.48220871946424,-1,1024,962,453,1557,1557,-1,0
1543406,Baruch,"Game Set 168.1, 2025 College Womens Basketball",0,0,0,11,15,0,236.2311864478916,1262,1197,1194,1193,1195,1196,381,0
1544061,Mary Baldwin,"Game Set 168.1, 2025 College Womens Basketball",0,0,0,3,21,0,235.2440372,1263,1470,1016,1013,1019,1017,382,0
1543527,Canadian Menn,"Game Set 168.1, 2025 College Womens Basketball",0,0,0,0,0,0,234.80750018355877,-1,1408,1408,1390,1390,1401,-1,0
1543840,Hesston,"Game Set 168.1, 2025 College Womens Basketball",0,0,0,6,22,0,234.73096397942194,1264,1203,1207,1364,1362,1203,221,0
1544364,Regent,"Game Set 168.1, 2025 College Womens Basketball",0,0,0,5,20,0,234.25315666357807,1265,531,531,533,529,1381,383,0
1543395,B&S OH NJCAA,"Game Set 168.1, 2025 College Womens Basketball",0,0,0,0,4,0,234.1106156348798,-1,609,1460,606,907,609,-1,0
1543721,Emmaus Bib,"Game Set 168.1, 2025 College Womens Basketball",0,0,0,3,2,0,233.6077942,-1,732,1557,732,1023,732,-1,0
1543781,Gallaudet,"Game Set 168.1, 2025 College Womens Basketball",0,0,0,6,17,0,233.41758378557344,1266,1118,1124,1417,1120,1239,384,0
1544219,Northwest Indian,"Game Set 168.1, 2025 College Womens Basketball",0.004340525,0,0,0,3,0,233.0929622,-1,1164,986,320,1164,986,-1,0
1544275,PR Rio Piedras,"Game Set 168.1, 2025 College Womens Basketball",0,0,0,0,4,0,232.82061603327284,1267,484,688,790,648,484,299,0
1543472,Bry & Strat-Syracuse,"Game Set 168.1, 2025 College Womens Basketball",0,0,0,1,4,0,232.74596727669848,-1,681,1267,681,1202,1210,-1,0
1543325,Agnes Scott,"Game Set 168.1, 2025 College Womens Basketball",0,0,0,2,23,0,232.73976872920122,1268,1035,1030,730,1475,1034,385,0
1544188,Nelson AIC,"Game Set 168.1, 2025 College Womens Basketball",0,0,0,2,13,0,232.73041183413093,-1,891,1170,1165,1548,458,-1,0
1544309,Paul Smith's,"Game Set 168.1, 2025 College Womens Basketball",0,0,0,0,0,0,232.58747314686977,-1,1414,1425,1269,1420,1441,-1,0
1544140,Mt Holyoke,"Game Set 168.1, 2025 College Womens Basketball",0,0,0,4,21,0,232.52241230533804,1269,844,851,839,842,843,386,0
1543760,Fontbonne,"Game Set 168.1, 2025 College Womens Basketball",0,0,0,0,0,0,232.4841025592295,-1,1216,1218,1223,1310,1220,-1,0
1543923,Kean,"Game Set 168.1, 2025 College Womens Basketball",0,0,0,2,21,0,232.1376599299175,1270,1002,998,1004,1005,996,387,0
1544376,Rivier,"Game Set 168.1, 2025 College Womens Basketball",0,0,0,2,23,0,232.04284682465445,1271,718,727,1159,721,717,388,0
1544383,Rockford,"Game Set 168.1, 2025 College Womens Basketball",0,0,0,1,24,0,232.04045658789906,1272,957,960,963,962,964,389,0
1543921,Kansas Chr,"Game Set 168.1, 2025 College Womens Basketball",0,0,0,2,8,0,230.9811521405779,-1,1054,1055,943,875,415,-1,0
1544754,Westcliff,"Game Set 168.1, 2025 College Womens Basketball",0,0,0,0,1,0,230.6615465860058,1273,919,919,919,919,919,222,0
1544269,PR Arecibo,"Game Set 168.1, 2025 College Womens Basketball",0,0,0,0,0,0,230.46272044270992,-1,1511,1494,1510,1459,1322,-1,0
1544412,SC Leadership,"Game Set 168.1, 2025 College Womens Basketball",0,0,0,0,0,0,230.18795646132432,-1,1335,1335,916,1171,509,-1,0
1544548,Stanton,"Game Set 168.1, 2025 College Womens Basketball",0.000356946,0,0,3,20,0,229.89163827491308,1274,1165,1170,1165,1170,1164,223,0
1544362,Redeemer,"Game Set 168.1, 2025 College Womens Basketball",0,0,0,0,2,0,229.84382035771029,-1,669,1044,669,1044,669,-1,0
1544358,Randall,"Game Set 168.1, 2025 College Womens Basketball",0,0,0,0,2,0,229.16002581398558,-1,1069,1053,1069,1053,1069,-1,0
1543853,Holyoke CC,"Game Set 168.1, 2025 College Womens Basketball",0,0,0,0,1,0,229.08600075934066,-1,1468,1468,1468,1468,1468,-1,0
1543346,Alverno,"Game Set 168.1, 2025 College Womens Basketball",0,0,0,0,0,0,228.54425719753092,-1,960,954,958,961,956,-1,0
1543424,Berkeley NYC,"Game Set 168.1, 2025 College Womens Basketball",0,0,0,1,3,0,228.4607652173076,-1,681,144,534,681,144,-1,0
1544283,PSU-Brandywine,"Game Set 168.1, 2025 College Womens Basketball",0,0,0,6,20,0,227.80262796794236,1275,1119,1121,1126,1465,1119,390,0
1544236,Oak Hills Chr,"Game Set 168.1, 2025 College Womens Basketball",0,0,0,0,0,0,227.60910818227137,-1,1024,1401,1401,1390,1390,-1,0
1544142,Mt Mary,"Game Set 168.1, 2025 College Womens Basketball",0,0,0,4,19,0,227.07074816476262,1276,1233,1228,1225,1235,1230,224,0
1543661,Dean,"Game Set 168.1, 2025 College Womens Basketball",0,0,0,7,19,0,226.9225188800831,1277,723,717,727,718,721,391,0
1544300,Pacific Union,"Game Set 168.1, 2025 College Womens Basketball",7.436367298567243e-05,0,0,2,14,0,226.53060714083477,1278,1548,1548,1165,1536,1205,225,0
1544397,Rutgers-Newark,"Game Set 168.1, 2025 College Womens Basketball",0,0,0,3,21,0,226.52403356430278,1279,999,996,1003,1001,997,392,0
1543642,Crowley's Ridge,"Game Set 168.1, 2025 College Womens Basketball",0,0,0,0,27,0,226.50772900898284,1280,1529,1311,1309,1305,1479,226,0
1543524,Camp U-Harrodsburg,"Game Set 168.1, 2025 College Womens Basketball",0,0,0,0,0,0,225.30045252955105,-1,1354,1363,1354,1302,1354,-1,0
1543740,Faith Bap,"Game Set 168.1, 2025 College Womens Basketball",0,0,0,1,5,0,225.0441795314063,-1,1024,1557,732,1024,879,-1,0
1544288,PSU-Hazleton,"Game Set 168.1, 2025 College Womens Basketball",0,0,0,2,2,0,224.93873032910793,-1,742,1239,1465,1245,742,-1,0
1544560,Summit,"Game Set 168.1, 2025 College Womens Basketball",0,0,0,0,0,0,224.54707888820028,-1,1243,1243,1243,1243,1243,-1,0
1544289,PSU-Lehigh Val,"Game Set 168.1, 2025 College Womens Basketball",0,0,0,1,0,0,224.1132214487006,-1,1240,1240,1240,1240,1240,-1,0
1543928,Kent-Tusc,"Game Set 168.1, 2025 College Womens Basketball",0,0,0,0,0,0,224.06412199102633,-1,1415,1398,1391,1255,1415,-1,0
1543534,Carlow,"Game Set 168.1, 2025 College Womens Basketball",0,0,0,6,18,0,224.00842322279573,1281,1114,1117,1113,1115,1111,393,0
1543478,Bucks Co CC,"Game Set 168.1, 2025 College Womens Basketball",0,0,0,0,0,0,223.9190765285069,-1,1426,1435,1396,1409,1435,-1,0
1544747,Wesleyan GA,"Game Set 168.1, 2025 College Womens Basketball",0,0,0,1,23,0,223.00123259202832,1282,1032,1031,1029,730,1462,394,0
1544431,SW Adventist,"Game Set 168.1, 2025 College Womens Basketball",0,0,0,0,0,0,222.86480753927788,-1,1341,1341,1375,1517,1343,-1,0
1544165,NB-St John,"Game Set 168.1, 2025 College Womens Basketball",0,0,0,0,0,0,222.68764469046215,-1,1420,1420,1420,1420,1420,-1,0
1543842,Hilbert,"Game Set 168.1, 2025 College Womens Basketball",0,0,0,4,22,0,221.90892413478048,1283,1111,1258,1115,1117,1116,395,0
1543588,Clark St,"Game Set 168.1, 2025 College Womens Basketball",0,0,0,0,0,0,221.8869893869753,-1,1545,1545,542,1545,1545,-1,0
1543979,Lethbridge Col,"Game Set 168.1, 2025 College Womens Basketball",0,0,0,0,0,0,221.4958425564154,-1,1490,1490,1521,1521,1453,-1,0
1543402,Barclay,"Game Set 168.1, 2025 College Womens Basketball",0,0,0,0,0,0,221.48156489348136,-1,1364,1362,1337,1342,1358,-1,0
1544089,Mia-Middletown,"Game Set 168.1, 2025 College Womens Basketball",0,0,0,0,2,0,221.12340406162397,-1,1248,1252,1248,1252,1248,-1,0
1543332,Albany Pharmacy,"Game Set 168.1, 2025 College Womens Basketball",0,0,0,1,0,0,220.5050154514379,-1,1260,1260,1260,1260,1260,-1,0
1543532,Caribbean,"Game Set 168.1, 2025 College Womens Basketball",0,0,0,0,0,0,220.41838363353833,-1,1493,1511,1494,1510,1459,-1,0
1543385,Augustana AB,"Game Set 168.1, 2025 College Womens Basketball",0,0,0,0,0,0,220.33226297247316,-1,1454,1454,1526,1526,1380,-1,0
1543912,Johnson FL,"Game Set 168.1, 2025 College Womens Basketball",0,0,0,0,0,0,217.66320361499885,-1,731,1351,1356,1340,731,-1,0
1543916,Justice,"Game Set 168.1, 2025 College Womens Basketball",0,0,0,0,0,0,217.35009737950827,-1,1321,1335,891,890,899,-1,0
1544609,Trinity Bap,"Game Set 168.1, 2025 College Womens Basketball",0,0,0,0,0,0,217.17811682136835,-1,1351,1351,703,731,731,-1,0
1544323,Pitt-Greensburg,"Game Set 168.1, 2025 College Womens Basketball",0,0,0,1,24,0,216.91866783985054,1284,1115,1111,1258,1110,1114,396,0
1544122,Mitchell,"Game Set 168.1, 2025 College Womens Basketball",0,0,0,2,19,0,216.5746523900584,1285,720,718,717,726,722,397,0
1543727,Eureka,"Game Set 168.1, 2025 College Womens Basketball",0,0,0,0,26,0,216.36587370629857,1286,1222,1217,1216,1220,1310,398,0
1543433,Bethesda,"Game Set 168.1, 2025 College Womens Basketball",0,0,0,0,5,0,216.0593648339054,-1,891,892,916,216,108,-1,0
1544745,Wentworth Tech,"Game Set 168.1, 2025 College Womens Basketball",0,0,0,1,22,0,215.49935185858746,1287,846,719,853,845,847,399,0
1543484,C Chr Bible,"Game Set 168.1, 2025 College Womens Basketball",0,0,0,1,4,0,214.10293756480758,-1,1311,1311,565,732,1557,-1,0
1543751,Fitchburg St,"Game Set 168.1, 2025 College Womens Basketball",0,0,0,4,21,0,213.83067920367574,1288,1273,1276,725,1274,1271,400,0
1543935,Keystone,"Game Set 168.1, 2025 College Womens Basketball",0,0,0,4,20,0,213.8000983737548,1289,1120,1238,1121,1125,1485,401,0
1544361,Raritan Val,"Game Set 168.1, 2025 College Womens Basketball",0,0,0,0,1,0,213.3451763085226,-1,936,936,936,936,936,-1,0
1544799,Yeshiva,"Game Set 168.1, 2025 College Womens Basketball",0,0,0,3,21,0,212.27731082627295,1290,1140,1145,1143,1134,1144,402,0
1544282,PSU-Berks,"Game Set 168.1, 2025 College Womens Basketball",0,0,0,4,21,0,211.76524490325835,1291,1239,1121,1485,1120,1417,403,0
1544322,Pitt-Bradford,"Game Set 168.1, 2025 College Womens Basketball",0,0,0,1,23,0,211.69047787792954,1292,1113,1114,1112,1258,1116,404,0
1544276,PSU Wilkes-Barre,"Game Set 168.1, 2025 College Womens Basketball",0,0,0,0,0,0,211.4535165202598,-1,1403,1418,1394,1406,1427,-1,0
1543582,City Col NY,"Game Set 168.1, 2025 College Womens Basketball",0,0,0,6,18,0,211.2973533134772,1293,1193,1192,1197,1199,1198,405,0
1544178,NVU-Johnson,"Game Set 168.1, 2025 College Womens Basketball",0,0,0,5,20,0,211.2684441,1294,1262,1265,1160,1268,1259,406,0
1543347,Ambrose,"Game Set 168.1, 2025 College Womens Basketball",0,0,0,0,0,0,211.13369370274194,-1,1453,1453,1546,1546,1384,-1,0
1544424,SUNY Delhi,"Game Set 168.1, 2025 College Womens Basketball",0,0,0,5,21,0,210.80042545423154,1295,1270,1160,1541,1262,1265,407,0
1544338,Pratt Inst,"Game Set 168.1, 2025 College Womens Basketball",0,0,0,1,21,0,210.71922853282464,1296,1131,1243,1128,1127,1132,408,0
1543469,Bry & Strat-Albany,"Game Set 168.1, 2025 College Womens Basketball",0,0,0,0,4,0,210.45554372337307,-1,681,681,444,1269,681,-1,0
1543622,Concordia AB,"Game Set 168.1, 2025 College Womens Basketball",0,0,0,0,0,0,210.31298017942368,-1,1402,1402,1454,1454,1384,-1,0
1543705,Ecclesia,"Game Set 168.1, 2025 College Womens Basketball",0,0,0,0,12,0,209.09746723631687,-1,1310,1310,1203,569,1529,-1,0
1544077,Medgar Evers,"Game Set 168.1, 2025 College Womens Basketball",0,0,0,3,21,0,208.69397087074677,1297,1195,1196,1194,1197,1198,409,0
1544291,PSU-New Kens,"Game Set 168.1, 2025 College Womens Basketball",0,0,0,0,0,0,208.4072234831485,-1,1397,1423,1400,1387,1396,-1,0
1544254,Old Westbury,"Game Set 168.1, 2025 College Womens Basketball",0,0,0,2,20,0,207.96548491037066,1298,1134,1145,1140,1136,1135,410,0
1544293,PSU-Scranton,"Game Set 168.1, 2025 College Womens Basketball",0,0,0,2,0,0,207.78495447348297,-1,1245,1245,1245,1245,1245,-1,0
1543978,Lesley,"Game Set 168.1, 2025 College Womens Basketball",0,0,0,4,21,0,205.5023790696205,1299,1159,1263,1260,1266,1270,411,0
1544484,Southeastern Bap,"Game Set 168.1, 2025 College Womens Basketball",0,0,0,0,5,0,205.4007364413971,-1,1213,1108,1034,651,1032,-1,0
1543509,Cairn,"Game Set 168.1, 2025 College Womens Basketball",0,0,0,3,19,0,204.2735108,1300,1125,1245,1124,1126,1465,412,0
1544272,PR Humacao,"Game Set 168.1, 2025 College Womens Basketball",0,0,0,0,0,0,203.52411868585918,-1,1496,676,1508,1506,1493,-1,0
1543410,Beacon,"Game Set 168.1, 2025 College Womens Basketball",0,0,0,0,4,0,203.50865823872417,-1,1537,1514,1514,1537,1537,-1,0
1544025,ME Presque Isle,"Game Set 168.1, 2025 College Womens Basketball",0,0,0,3,21,0,203.0309867821836,1301,1269,1266,1263,1260,1262,413,0
1543349,American PR,"Game Set 168.1, 2025 College Womens Basketball",0,0,0,0,0,0,202.1038865683281,-1,1511,676,1508,1506,1493,-1,0
1544285,PSU-Fayette,"Game Set 168.1, 2025 College Womens Basketball",0,0,0,0,0,0,201.75402451668236,-1,1423,1400,1387,1397,1388,-1,0
1544406,S Maine Tech,"Game Set 168.1, 2025 College Womens Basketball",0,0,0,0,1,0,200.9415418566863,-1,1259,1259,1259,1259,1259,-1,0
1544218,Northland,"Game Set 168.1, 2025 College Womens Basketball",0,0,0,0,0,0,198.5978055750971,-1,1028,1023,1024,1022,1021,-1,0
1543804,Grace Chr,"Game Set 168.1, 2025 College Womens Basketball",0,0,0,2,7,0,198.18577336057467,-1,732,1255,1253,732,1247,-1,0
1544274,PR Ponce,"Game Set 168.1, 2025 College Womens Basketball",0,0,0,0,0,0,197.5887321722947,-1,1459,1322,1494,1507,1496,-1,0
1543355,Andrews,"Game Set 168.1, 2025 College Womens Basketball",0,0,0,0,0,0,197.34843146365145,-1,1391,1333,1389,1391,1339,-1,0
1544655,Union NE,"Game Set 168.1, 2025 College Womens Basketball",0,0,0,0,0,0,194.46203232448107,-1,1390,1408,1362,1342,1362,-1,0
1543547,Cazenovia,"Game Set 168.1, 2025 College Womens Basketball",0,0,0,0,0,0,192.50225760731345,-1,1040,1040,1040,1040,1040,-1,0
1544391,Rosemont,"Game Set 168.1, 2025 College Womens Basketball",0,0,0,0,1,0,191.1896580232937,-1,1243,1243,1243,1243,1243,-1,0
1543352,Ana G Mendez,"Game Set 168.1, 2025 College Womens Basketball",0,0,0,0,0,0,190.05960529805722,-1,409,409,409,409,409,-1,0
1544017,MA Col Lib Arts,"Game Set 168.1, 2025 College Womens Basketball",0,0,0,0,20,0,189.37838475576302,1302,1274,1275,1277,1272,725,414,0
1544292,PSU-Schuylkill,"Game Set 168.1, 2025 College Womens Basketball",0,0,0,1,6,0,187.90986099517622,-1,1238,1465,1133,1124,1087,-1,0
1544613,Trinity DC,"Game Set 168.1, 2025 College Womens Basketball",0,0,0,2,16,0,187.58580245041293,1303,1435,1484,1381,1431,1465,415,0
1544099,Mid-Atlantic Chr,"Game Set 168.1, 2025 College Womens Basketball",0,0,0,1,5,0,186.48114776228476,-1,1347,1488,1347,1488,1474,-1,0
1544801,York NY,"Game Set 168.1, 2025 College Womens Basketball",0,0,0,0,19,0,186.13254173740654,1304,1199,1198,1192,1193,1196,416,0
1543360,Appalachian Bib,"Game Set 168.1, 2025 College Womens Basketball",0,0,0,0,0,0,184.27610692665112,-1,1354,1333,1254,1354,1333,-1,0
1544681,Villa Maria,"Game Set 168.1, 2025 College Womens Basketball",0,0,0,0,2,0,181.96359773825887,-1,681,681,681,681,681,-1,0
1544184,Navajo Tech,"Game Set 168.1, 2025 College Womens Basketball",0,0,0,0,1,0,181.91158072297736,-1,1169,1169,1169,1169,1169,-1,0
1544052,Maranatha Bap,"Game Set 168.1, 2025 College Womens Basketball",0,0,0,0,20,0,179.05285968170597,1305,1364,1219,1339,1333,1364,417,0
1544680,Vermont Tech,"Game Set 168.1, 2025 College Womens Basketball",0,0,0,1,2,0,177.83081271689312,-1,726,1210,1269,726,1210,-1,0
1544271,PR Carolina,"Game Set 168.1, 2025 College Womens Basketball",0,0,0,0,0,0,175.29630887819675,-1,1207,1207,1207,1207,1207,-1,0
1544286,PSU-Gtr Allegheny,"Game Set 168.1, 2025 College Womens Basketball",0,0,0,0,1,0,174.4730004414851,-1,1181,1181,1181,1181,1181,-1,0
1544673,Valley Forge,"Game Set 168.1, 2025 College Womens Basketball",0,0,0,1,21,0,173.76772071190615,1306,1239,1238,1121,1124,1426,418,0
1543955,Lake Michigan,"Game Set 168.1, 2025 College Womens Basketball",0,0,0,0,0,0,163.77766960537815,-1,1230,1230,1230,1230,1230,-1,0
1543558,Central Penn,"Game Set 168.1, 2025 College Womens Basketball",0,0,0,0,1,0,156.0520584742389,-1,1245,1245,1245,1245,1245,-1,0
1544744,Wells,"Game Set 168.1, 2025 College Womens Basketball",0,0,0,0,0,0,154.2583067,-1,1112,1113,1116,1111,1115,-1,0
1544439,Sacred Heart PR,"Game Set 168.1, 2025 College Womens Basketball",0,0,0,0,1,0,151.01221294337302,-1,484,484,484,484,484,-1,0
1543749,Fisher,"Game Set 168.1, 2025 College Womens Basketball",0,0,0,0,18,0,147.85725370042462,1307,1405,1202,1555,1213,1160,227,0
1544307,Patrick Henry,"Game Set 168.1, 2025 College Womens Basketball",0,0,0,0,1,0,141.89688221810482,-1,1488,1488,1488,1488,1488,-1,0
1543737,FLBC,"Game Set 168.1, 2025 College Womens Basketball",0,0,0,0,1,0,120.84009997517055,-1,1025,1025,1025,1025,1025,-1,0
1543491,CC Allegheny-B,"Game Set 168.1, 2025 College Womens Basketball",0,0,0,0,0,0,42.01826250379829,-1,1387,1387,1387,1387,1387,-1,0
